name                                                                                             ,category ,location                  ,description                                                                                                                                                                                                                                                                                                                                                                                                                                                                                                                                                                                                                                                                                                                                                                                                                                                                                                                                                      ,visitors ,image ,latitude ,longitude
Pendopo Gubernur (Istana Sultan)                                                                 ,Bangunan ,Kota Banda Aceh           ,-                                                                                                                                                                                                                                                                                                                                                                                                                                                                                                                                                                                                                                                                                                                                                                                                                                                                                                                                                                ,       0 ,      ,554.726  ,  953.201
Gedung Menara (Sentral Telepon Militer Belanda)                                                  ,Bangunan ,Kota Banda Aceh           ,Asal Usul di bangun oleh belanda untuk memudahkan komunikasi dalam perang Aceh                                                                                                                                                                                                                                                                                                                                                                                                                                                                                                                                                                                                                                                                                                                                                                                                                                                                                   ,       0 ,      ,554.685  ,  953.165
Gedung Bank Indonesia                                                                            ,Bangunan ,Kota Banda Aceh           ,Gedung BI dibangun tahun 1916 oleh pemerintah Belanda pada masa Gubernur Jendral Belanda H.N.A. Swart. Fungsinya sebagai Bank sirkulasi yang bertuga mencetak dan mengedarkan uang                                                                                                                                                                                                                                                                                                                                                                                                                                                                                                                                                                                                                                                                                                                                                                               ,       0 ,      ,555.769  ,  953.171
Makam Tengku Cik Di Kila                                                                         ,Situs    ,Kab. Nagan Raya           ,Tengku Cik di Kila merupakan seorang ulama keturunan Baghdad.                                                                                                                                                                                                                                                                                                                                                                                                                                                                                                                                                                                                                                                                                                                                                                                                                                                                                                    ,       0 ,      ,428.671  ,  963.528
Makam Meureuhom Unga                                                                             ,Situs    ,Kab. Aceh Jaya            ,Makam kuno Meureuhom Unga merupakan makam seorang ulama                                                                                                                                                                                                                                                                                                                                                                                                                                                                                                                                                                                                                                                                                                                                                                                                                                                                                                          ,       0 ,      ,501.082  ,  953.659
Masjid Kebayakan                                                                                 ,Bangunan ,Kab. Aceh Tengah          ,Masjid tua kebayakan pertama dibangun sangat sederhana.                                                                                                                                                                                                                                                                                                                                                                                                                                                                                                                                                                                                                                                                                                                                                                                                                                                                                                          ,       0 ,      ,463.766  ,  968.532
Kompleks Masjid Baiturrahim                                                                      ,Bangunan ,Kab. Aceh Tengah          ,Masjid ini dibangun oleh unggal khatib.                                                                                                                                                                                                                                                                                                                                                                                                                                                                                                                                                                                                                                                                                                                                                                                                                                                                                                                          ,       0 ,      ,459.068  ,  969.168
Bukit Kerang                                                                                     ,Situs    ,Kab. Aceh Tamiang         ,Bukit Kerang/bukit remis (gundukan kulit kerang/remis) ini dikelilingi persawahan. Bukit kerang (kjokkenmoddinger) merupakan peninggalan budaya mezolithik (jaman batu pertengahan) yang merupakan bagian dari babakan prasejarah.                                                                                                                                                                                                                                                                                                                                                                                                                                                                                                                                                                                                                                                                                                                               ,       0 ,      ,4.3913   ,  981.802
Kompleks Makam Raja Maan                                                                         ,Situs    ,Kab. Aceh Tamiang         ,Raja Maan adalah Raja Kejuruan Muda ke X yang memerintah pada tahun 1887 - 1893. Beliau adalah bapak Raja Habsyah dan bersaudarakan Raja Husein Mangku Raja dan Raja Hitam.                                                                                                                                                                                                                                                                                                                                                                                                                                                                                                                                                                                                                                                                                                                                                                                      ,       0 ,      ,4.2835   ,  980.572
Makam Jeurat Panjang                                                                             ,Situs    ,Kab. Aceh Tamiang         ,Makam jeurat panjang merupakan makam seorang putra Sultan Raja Prom Syah dari kerajaan Karang dan Tamiang Hulu yang bernama pendekar Sri Mangkula. Tokoh ini disebut sebut menjalin hubungan baik dengan kerajaan-kerajaan tetangga antara lain Deli dan Malaka.                                                                                                                                                                                                                                                                                                                                                                                                                                                                                                                                                                                                                                                                                                 ,       0 ,      ,418.262  ,   98.036
Makam Tengku Tinggi                                                                              ,Situs    ,Kab. Aceh Tamiang         ,Tengku Tinggi merupakan seorang tokoh yang datang dari Malang Gelumpang Dua dan orang yang pertama kali membuka pemukiman di daerah Sungai Iyu dan penyebar agama Islam pertama di daerah tersebut.                                                                                                                                                                                                                                                                                                                                                                                                                                                                                                                                                                                                                                                                                                                                                              ,       0 ,      ,439.602  ,  981.425
Makam Panglima Hitam                                                                             ,Situs    ,Kab. Aceh Tamiang         ,Panglima Hitam adalah seorang panglima perang di Tualang dan juga ahli ilmu agama Islam serta mengembangkan hubungan dagang dengan Timur Tengah.                                                                                                                                                                                                                                                                                                                                                                                                                                                                                                                                                                                                                                                                                                                                                                                                                 ,       0 ,      ,423.442  ,  980.616
Pura Pegulingan  (Zona I)                                                                        ,Bangunan ,Kab. Gianyar              ,-                                                                                                                                                                                                                                                                                                                                                                                                                                                                                                                                                                                                                                                                                                                                                                                                                                                                                                                                                                ,       0 ,      ,-841.498 ,  115.318
Pura Mengening (Zona II)                                                                         ,Bangunan ,Kab. Gianyar              ,-                                                                                                                                                                                                                                                                                                                                                                                                                                                                                                                                                                                                                                                                                                                                                                                                                                                                                                                                                                ,       0 ,      ,-842.016 ,  115.312
Batu Goong Citaman                                                                               ,Situs    ,Kab. Pandeglang           ,Merupakan peninggalan tradisi megalitik dan terdapat juga ciri-ciri yang menunjukkan masa klasik.                                                                                                                                                                                                                                                                                                                                                                                                                                                                                                                                                                                                                                                                                                                                                                                                                                                                ,       0 ,      ,-633.818 ,  105.922
Situs Patapan                                                                                    ,Situs    ,Kab. Serang               ,Situs patapan sering digunakan sebagai tempat pertemuan para ulama dan santri dalam rangka menyusun strategi islamisasi di wilayah banten dan sering digunakan sebagai pangrereban sultan hasanudin                                                                                                                                                                                                                                                                                                                                                                                                                                                                                                                                                                                                                                                                                                                                                              ,       0 ,      ,-618.519 ,  106.289
Gedung BPKAD (Badan Pengelola Keuangan Daerah) Kab. Serang                                       ,Bangunan ,Kota Serang               ,Bangunan ini merupakan bekas gedung Noormale School (sekolah putri) pada masa kolonial Belanda abad ke-2-. Pada masa kemudian bangunan ini digunakan oleh SMP Negeri I Serang dan pada saat ini difungsikan sebagai Kantor Bantor Pengelola Keuangan Daerah (BPKD) Kabupaten Serang.                                                                                                                                                                                                                                                                                                                                                                                                                                                                                                                                                                                                                                                                             ,       0 ,      ,-611.469 ,  106.153
Gedung Juang 45                                                                                  ,Bangunan ,Kota Serang               ,Sebuah peristiwa penting pernah terjadi di gedung ini yang terjadi pada 1- Oktober 1945. Para pemuda berhasil menduduki dan mengambil alih bangunan yang pada waktu itu dijadikan markas tentara Kempeitai (Polisi Militer) Jepang untuk dijadikan markas Badan Keamanan Rakyat.                                                                                                                                                                                                                                                                                                                                                                                                                                                                                                                                                                                                                                                                                 ,       0 ,      ,-611.808 ,  106.151
Stasiun Kereta Api Serang                                                                        ,Bangunan ,Kota Serang               ,Stasiun Kereta Api Serang diperkirakan dibangun bersamaan dengan stasiun Kereta Api Cilegon pada tahun 1896. Bangunan ini pernah dijadikan sebagai datum point untuk pemetaan nasional.                                                                                                                                                                                                                                                                                                                                                                                                                                                                                                                                                                                                                                                                                                                                                                          ,       0 ,      ,-611.233 ,  106.159
Menara Air                                                                                       ,Bangunan ,Kab. Pandeglang           ,Didirikan pada tahun 1884. Dahulu berfungsi sebagai tempat menampung air. Pada saat ini walaupun kondisi bangunan masih utuh tetapi tidak difungsikan lagi.                                                                                                                                                                                                                                                                                                                                                                                                                                                                                                                                                                                                                                                                                                                                                                                                      ,       0 ,      ,-630.962 ,  106.104
Kantor Yayasan Maulana Hasanuddin Cilegon                                                        ,Bangunan ,Kota Cilegon              ,Merupakan rumah kediaman pribadi seorang saudagar pribumi pada masa kolonial Belanda. Pemilik rumah yang saat ini merupakan keturunan II (cucu) dari pemilik I. Sepanjang tahun 1974-1994 bangunan ini tidak dihuni. Sejak tahun 1994 sampai sekarang digunakan sebagai kantor Yayasan Maulana Hasanuddin Cilegon.                                                                                                                                                                                                                                                                                                                                                                                                                                                                                                                                                                                                                                               ,       0 ,      ,-602.298 ,  106.049
Kantor Bupati DATI II Serang                                                                     ,Bangunan ,Kota Serang               ,Bangunan ini didirikan seiring dengan pemindahan kota dari Banten Lama ke Serang pada tahun 18---an. Sejak awal dibangun sampai sekarang telah difungsikan sebagai kantor Bupati Serang. Pada bagian depan bangunan terdapat pendopo yang ditopang dengan pilar-pilar bulat.                                                                                                                                                                                                                                                                                                                                                                                                                                                                                                                                                                                                                                                                                     ,       0 ,      ,-611.561 ,  106.152
Masjid Jamik Bengkulu                                                                            ,Bangunan ,Kota Bengkulu             ,Berdasarkan pada data sejarah bangunan masjid dirancang oleh Bung Karno semasa pengasingan di Bengkulu tahun 1938-1942. Maksud pendiriannya adalah bahwa mashid dapat dijadikan tempat bersosialisasi dengan masyarakat Bengkulu khususnya umat Islam. Perubahan terlihat nyata setelah upaya Bung Karno mengubah kebiasaan menjadikan masyarakat Bengkulu sangat kuat dalam pembauran antara ulama dan rakyat.                                                                                                                                                                                                                                                                                                                                                                                                                                                                                                                                                  ,       0 ,      ,-378.986 ,  102.262
Makam Sentot Alibasyah                                                                           ,Struktur ,Kota Bengkulu             ,Makam Sentot Alibasyah berada di pemakaman umum yang biasa digunakan oleh masyarakat sekitar. Makam Sentot Alibasyah dibangun secara istimewa disebabkan beliau termasuk tokoh yang disegani oleh masyarakat Bengkulu. Berdasarkan catatan sejarah Sentot Alibasyah diasingkan oleh Belanda di Bengkulu dari Pulau Jawa pada tahun 1833 sampai meninggal pada tahun 1855.                                                                                                                                                                                                                                                                                                                                                                                                                                                                                                                                                                                        ,       0 ,      ,-378.902 ,  102.263
Situs Taman Sari                                                                                 ,Situs    ,Kota Yogyakarta           ,Tempat Pemandian Para Puteri-Puteri Keluarga Sultan                                                                                                                                                                                                                                                                                                                                                                                                                                                                                                                                                                                                                                                                                                                                                                                                                                                                                                              ,       0 ,      ,-780.972 ,  110.359
Gedung Boedi Oetomo                                                                              ,Bangunan ,Kota Yogyakarta           ,-                                                                                                                                                                                                                                                                                                                                                                                                                                                                                                                                                                                                                                                                                                                                                                                                                                                                                                                                                                ,       0 ,      ,-777.722 ,  110.368
Bangunan/gedung dengan halaman dan lingkungan bekas Kantor Pengurus Ikatan Pelajar Indonesia     ,Bangunan ,Kota Yogyakarta           ,-                                                                                                                                                                                                                                                                                                                                                                                                                                                                                                                                                                                                                                                                                                                                                                                                                                                                                                                                                                ,       0 ,      ,-778.261 ,  110.364
Bangunan/gedung dengan halaman dan lingkungan bekas Markas Tentara Pelajar Pusat                 ,Bangunan ,Kota Yogyakarta           ,-                                                                                                                                                                                                                                                                                                                                                                                                                                                                                                                                                                                                                                                                                                                                                                                                                                                                                                                                                                ,       0 ,      ,-778.043 ,  110.365
Bangunan/gedung dengan halaman dan lingkungan bekas Markas Batalyon 300 Tentara Pelajar          ,Bangunan ,Kota Yogyakarta           ,-                                                                                                                                                                                                                                                                                                                                                                                                                                                                                                                                                                                                                                                                                                                                                                                                                                                                                                                                                                ,       0 ,      ,-777.944 ,  110.36
Gedung Bank BNI 46                                                                               ,Bangunan ,Kota Yogyakarta           ,-                                                                                                                                                                                                                                                                                                                                                                                                                                                                                                                                                                                                                                                                                                                                                                                                                                                                                                                                                                ,       0 ,      ,-780.139 ,  110.364
Gedung SMP Negeri 6                                                                              ,Bangunan ,Kota Yogyakarta           ,-                                                                                                                                                                                                                                                                                                                                                                                                                                                                                                                                                                                                                                                                                                                                                                                                                                                                                                                                                                ,       0 ,      ,-777.833 ,  110.367
Gedung Kantor Pos Besar                                                                          ,Bangunan ,Kota Yogyakarta           ,-                                                                                                                                                                                                                                                                                                                                                                                                                                                                                                                                                                                                                                                                                                                                                                                                                                                                                                                                                                ,       0 ,      ,-780.167 ,  110.365
Klenteng Poncowinatan (Kranggan)                                                                 ,Bangunan ,Kota Yogyakarta           ,-                                                                                                                                                                                                                                                                                                                                                                                                                                                                                                                                                                                                                                                                                                                                                                                                                                                                                                                                                                ,       0 ,      ,-778.192 ,  110.366
Gedung Bank Indonesia                                                                            ,Bangunan ,Kota Yogyakarta           ,-                                                                                                                                                                                                                                                                                                                                                                                                                                                                                                                                                                                                                                                                                                                                                                                                                                                                                                                                                                ,       0 ,      ,-780.167 ,  110.366
Puro Pakualaman                                                                                  ,Bangunan ,Kota Yogyakarta           ,-                                                                                                                                                                                                                                                                                                                                                                                                                                                                                                                                                                                                                                                                                                                                                                                                                                                                                                                                                                ,       0 ,      ,-779.944 ,  110.376
Ndalem Tejokusuman                                                                               ,Bangunan ,Kota Yogyakarta           ,-                                                                                                                                                                                                                                                                                                                                                                                                                                                                                                                                                                                                                                                                                                                                                                                                                                                                                                                                                                ,       0 ,      ,-780.817 ,  110.356
Kantor Dinas Pariwisata Seni dan Budaya Kota Yogyakarta                                          ,Bangunan ,Kota Yogyakarta           ,Keberadaan bangunan ini dikaitkan dengan rute Gerilya Jenderal Sudirman yang merupakan rute terakhir setelah 7 bulan bergerilya. Sebelumnya merupakan tempat tinggal Jenderal Urip Sumoharjo.                                                                                                                                                                                                                                                                                                                                                                                                                                                                                                                                                                                                                                                                                                                                                                    ,       0 ,      ,-778.361 ,  110.374
Candi Sari                                                                                       ,Bangunan ,Kab. Sleman               ,Candi ini dibangun kurang lebih abad IX berlatar keagamaan Budha. Bentuk bangunan Candi dapat dibandingkan dengan Candi Budha Plaosan. Diperkirakan sebuah wihara tempat bersemedi para pendeta.                                                                                                                                                                                                                                                                                                                                                                                                                                                                                                                                                                                                                                                                                                                                                                 ,       0 ,      ,-776.139 ,  110.474
Kelenteng/Vihara Buddha Prabha Gondomanan                                                        ,Bangunan ,Kota Yogyakarta           ,-                                                                                                                                                                                                                                                                                                                                                                                                                                                                                                                                                                                                                                                                                                                                                                                                                                                                                                                                                                ,       0 ,      ,-78.018  ,  110.369
Gedung SMK II (STM 1 dan 2)                                                                      ,Bangunan ,Kota Yogyakarta           ,-                                                                                                                                                                                                                                                                                                                                                                                                                                                                                                                                                                                                                                                                                                                                                                                                                                                                                                                                                                ,       0 ,      ,-777.716 ,  110.367
Gedung SMP BOPKRI I Yogyakarta                                                                   ,Bangunan ,Kota Yogyakarta           ,-                                                                                                                                                                                                                                                                                                                                                                                                                                                                                                                                                                                                                                                                                                                                                                                                                                                                                                                                                                ,       0 ,      ,-779.372 ,  110.372
Gedung SMP Negeri 8 Yogyakarta                                                                   ,Bangunan ,Kota Yogyakarta           ,-                                                                                                                                                                                                                                                                                                                                                                                                                                                                                                                                                                                                                                                                                                                                                                                                                                                                                                                                                                ,       0 ,      ,-778.194 ,  110.374
Gedung Sekolah Dasar Ngupasan I dan II Yogyakarta                                                ,Bangunan ,Kota Yogyakarta           ,-                                                                                                                                                                                                                                                                                                                                                                                                                                                                                                                                                                                                                                                                                                                                                                                                                                                                                                                                                                ,       0 ,      ,-779.861 ,  110.363
Stasiun Kereta Api Tugu Yogyakarta                                                               ,Bangunan ,Kota Yogyakarta           ,-                                                                                                                                                                                                                                                                                                                                                                                                                                                                                                                                                                                                                                                                                                                                                                                                                                                                                                                                                                ,       0 ,      ,-778.927 ,  110.364
Tugu Yogyakarta                                                                                  ,Bangunan ,Kota Yogyakarta           ,-                                                                                                                                                                                                                                                                                                                                                                                                                                                                                                                                                                                                                                                                                                                                                                                                                                                                                                                                                                ,       0 ,      ,-778.278 ,  110.367
Hotel Toegoe                                                                                     ,Bangunan ,Kota Yogyakarta           ,Hotel toegu                                                                                                                                                                                                                                                                                                                                                                                                                                                                                                                                                                                                                                                                                                                                                                                                                                                                                                                                                      ,       0 ,      ,-778.731 ,  110.367
Rumah Sakit Mata Dr. YAP                                                                         ,Bangunan ,Kota Yogyakarta           ,-                                                                                                                                                                                                                                                                                                                                                                                                                                                                                                                                                                                                                                                                                                                                                                                                                                                                                                                                                                ,       0 ,      ,-77.807  ,  110.375
Kompleks Pesanggrahan Ambarukmo                                                                  ,Bangunan ,Kab. Sleman               ,Pesanggarahan Arjopurno masa pemerintahan Sri Sultah Hamengku Buwono VI artinya keselamatan atau kesejahteraan tahun 186-. Pesanggarahan ini direnovasi dan disempurnakan oleh Pangeran Mangkubumi atas perintah Sri Sultan Hamengku Buwono VII tahun 1897. Kemudian namanya diganti menjadi Pesanggarahan Ambarukmo mengandung arti keluhuran atau kemuliaan yang harum. Pangeran Hangabehi (Kepala Kori) Kraton mendapat perintah dari Sultan Hamengku Buwono VII untuk mempersiapkan penindahannya ke pesanggarahan ini. Setelah Sultan Hamengku Buwono VII pensiun menetap di pesanggarahan ini bersama permaisuri GKR Kencana. Kompleks ini digunakan sebagai tempat Pendidikan Inspektur Polisi Republik Indonesia tahun 194--195-. Kemudian difungsikan sebagai Kantor Pemerintah Daerah Kabupaten Sleman saat KRT Pringgodiningrat sebagai Bupati Sleman sampai tahun 1964. Pendirian bangunan Hotel Ambarukmo di sisi timur tahun 1957 hingga sekarang. ,       0 ,      ,-77.823  ,  110.402
Gedung Manulife Financial                                                                        ,Bangunan ,Kota Yogyakarta           ,-                                                                                                                                                                                                                                                                                                                                                                                                                                                                                                                                                                                                                                                                                                                                                                                                                                                                                                                                                                ,       0 ,      ,-778.741 ,  110.367
Gedung Perpustakaan Nasional Provinsi                                                            ,Bangunan ,Kota Yogyakarta           ,-                                                                                                                                                                                                                                                                                                                                                                                                                                                                                                                                                                                                                                                                                                                                                                                                                                                                                                                                                                ,       0 ,      ,-779.079 ,  110.366
Apotik Kimia Farma Cabang Yogyakarta (I)                                                         ,Bangunan ,Kota Yogyakarta           ,-                                                                                                                                                                                                                                                                                                                                                                                                                                                                                                                                                                                                                                                                                                                                                                                                                                                                                                                                                                ,       0 ,      ,-779.055 ,  110.366
Gereja Koinonia                                                                                  ,Bangunan ,Kota Adm. Jakarta Timur   ,-                                                                                                                                                                                                                                                                                                                                                                                                                                                                                                                                                                                                                                                                                                                                                                                                                                                                                                                                                                ,       0 ,      ,-62.907  ,  106.907
Stasiun Kereta Api Manggarai                                                                     ,Bangunan ,Kota Adm. Jakarta Timur   ,-                                                                                                                                                                                                                                                                                                                                                                                                                                                                                                                                                                                                                                                                                                                                                                                                                                                                                                                                                                ,       0 ,      ,-6.21    ,  106.85
Kantor Kodim 0505                                                                                ,Bangunan ,Kota Adm. Jakarta Pusat   ,-                                                                                                                                                                                                                                                                                                                                                                                                                                                                                                                                                                                                                                                                                                                                                                                                                                                                                                                                                                ,       0 ,      ,-621.075 ,  106.852
Gedung Joang 1945                                                                                ,Bangunan ,Kota Adm. Jakarta Pusat   ,-                                                                                                                                                                                                                                                                                                                                                                                                                                                                                                                                                                                                                                                                                                                                                                                                                                                                                                                                                                ,       0 ,      ,-618.609 ,  106.837
Gedung Fakultas Kedokteran Universitas Indonesia                                                 ,Bangunan ,Kota Adm. Jakarta Pusat   ,-                                                                                                                                                                                                                                                                                                                                                                                                                                                                                                                                                                                                                                                                                                                                                                                                                                                                                                                                                                ,       0 ,      ,-619.498 ,  106.849
Gedung Candranaya                                                                                ,Bangunan ,Kota Adm. Jakarta Barat   ,-                                                                                                                                                                                                                                                                                                                                                                                                                                                                                                                                                                                                                                                                                                                                                                                                                                                                                                                                                                ,       0 ,      ,-614.721 ,  106.816
Museum Keramik dan Seni Rupa                                                                     ,Bangunan ,Kota Adm. Jakarta Barat   ,-                                                                                                                                                                                                                                                                                                                                                                                                                                                                                                                                                                                                                                                                                                                                                                                                                                                                                                                                                                ,       0 ,      ,-613.425 ,  106.812
Museum Fatahillah                                                                                ,Bangunan ,Kota Adm. Jakarta Barat   ,Museum Sejarah Jakarta pada mulanya digunakan sebagai gedung Balaikota (Stadhuis). Gedung này merupakan gedung Balaikota kedua yang dibangun pada masa pemerintahan VOC di Batavia.                                                                                                                                                                                                                                                                                                                                                                                                                                                                                                                                                                                                                                                                                                                                                                              ,       0 ,      ,-613.521 ,  106.813
Museum Tekstil                                                                                   ,Bangunan ,Kota Adm. Jakarta Barat   ,-                                                                                                                                                                                                                                                                                                                                                                                                                                                                                                                                                                                                                                                                                                                                                                                                                                                                                                                                                                ,       0 ,      ,-618.817 ,  106.81
Masjid Jami Annawir                                                                              ,Bangunan ,Kota Adm. Jakarta Barat   ,-                                                                                                                                                                                                                                                                                                                                                                                                                                                                                                                                                                                                                                                                                                                                                                                                                                                                                                                                                                ,       0 ,      ,-613.663 ,  106.803
Masjid Jami Al Anshor                                                                            ,Bangunan ,Kota Adm. Jakarta Barat   ,-                                                                                                                                                                                                                                                                                                                                                                                                                                                                                                                                                                                                                                                                                                                                                                                                                                                                                                                                                                ,       0 ,      ,-613.899 ,  106.807
Masjid Jami Tambora                                                                              ,Bangunan ,Kota Adm. Jakarta Barat   ,-                                                                                                                                                                                                                                                                                                                                                                                                                                                                                                                                                                                                                                                                                                                                                                                                                                                                                                                                                                ,       0 ,      ,-614.561 ,  106.811
Gereja Imanuel                                                                                   ,Bangunan ,Kota Adm. Jakarta Pusat   ,-                                                                                                                                                                                                                                                                                                                                                                                                                                                                                                                                                                                                                                                                                                                                                                                                                                                                                                                                                                ,       0 ,      ,-617.672 ,  106.832
Museum Perumusan Naskah Proklamasi                                                               ,Bangunan ,Kota Adm. Jakarta Pusat   ,-                                                                                                                                                                                                                                                                                                                                                                                                                                                                                                                                                                                                                                                                                                                                                                                                                                                                                                                                                                ,       0 ,      ,-620.036 ,  106.831
Gedung Arsip Nasional                                                                            ,Bangunan ,Kota Adm. Jakarta Barat   ,-                                                                                                                                                                                                                                                                                                                                                                                                                                                                                                                                                                                                                                                                                                                                                                                                                                                                                                                                                                ,       0 ,      ,-615.379 ,  106.817
Masjid Al Makmur                                                                                 ,Bangunan ,Kota Adm. Jakarta Pusat   ,-                                                                                                                                                                                                                                                                                                                                                                                                                                                                                                                                                                                                                                                                                                                                                                                                                                                                                                                                                                ,       0 ,      ,-619.113 ,  106.843
Gedung Kantor Pos dan Giro Pasar Baru                                                            ,Bangunan ,Kota Adm. Jakarta Pusat   ,-                                                                                                                                                                                                                                                                                                                                                                                                                                                                                                                                                                                                                                                                                                                                                                                                                                                                                                                                                                ,       0 ,      ,-61.679  ,  106.835
Gedung Kesenian                                                                                  ,Bangunan ,Kota Adm. Jakarta Pusat   ,-                                                                                                                                                                                                                                                                                                                                                                                                                                                                                                                                                                                                                                                                                                                                                                                                                                                                                                                                                                ,       0 ,      ,-616.635 ,  106.835
Gedung Istana Merdeka                                                                            ,Bangunan ,Kota Adm. Jakarta Pusat   ,-                                                                                                                                                                                                                                                                                                                                                                                                                                                                                                                                                                                                                                                                                                                                                                                                                                                                                                                                                                ,       0 ,      ,-617.037 ,  106.824
Gedung Istana Negara                                                                             ,Bangunan ,Kota Adm. Jakarta Pusat   ,-                                                                                                                                                                                                                                                                                                                                                                                                                                                                                                                                                                                                                                                                                                                                                                                                                                                                                                                                                                ,       0 ,      ,-616.817 ,  106.824
Gedung Bank Tabungan Negara                                                                      ,Bangunan ,Kota Adm. Jakarta Pusat   ,-                                                                                                                                                                                                                                                                                                                                                                                                                                                                                                                                                                                                                                                                                                                                                                                                                                                                                                                                                                ,       0 ,      ,-616.712 ,  106.82
Gedung Gereja Kathedral                                                                          ,Bangunan ,Kota Adm. Jakarta Pusat   ,-                                                                                                                                                                                                                                                                                                                                                                                                                                                                                                                                                                                                                                                                                                                                                                                                                                                                                                                                                                ,       0 ,      ,-616.927 ,  106.833
Gedung Bekas Kantor Direktorat Jenderal Kebudayaan                                               ,Bangunan ,Kota Adm. Jakarta Pusat   ,-                                                                                                                                                                                                                                                                                                                                                                                                                                                                                                                                                                                                                                                                                                                                                                                                                                                                                                                                                                ,       0 ,      ,-619.734 ,  106.839
Gedung Eks. Jaya Gas                                                                             ,Bangunan ,Kota Adm. Jakarta Pusat   ,-                                                                                                                                                                                                                                                                                                                                                                                                                                                                                                                                                                                                                                                                                                                                                                                                                                                                                                                                                                ,       0 ,      ,-61.766  ,  106.841
Jembatan Harmoni dan Patung Perunggu Dewa Hermus                                                 ,Struktur ,Kota Adm. Jakarta Pusat   ,-                                                                                                                                                                                                                                                                                                                                                                                                                                                                                                                                                                                                                                                                                                                                                                                                                                                                                                                                                                ,       0 ,      ,-61.675  ,  106.821
Pasar Ikan Heksagon                                                                              ,Bangunan ,Kota Adm. Jakarta Utara   ,Bangunan memiliki langgam arsitektur indis ekletik. Bangunan menggunakan dinding bahan bata khas kolonial dengan atap perisai susun khas arsitektur lokal dengan stuktur bangunan dari balok kayu.                                                                                                                                                                                                                                                                                                                                                                                                                                                                                                                                                                                                                                                                                                                                                               ,       0 ,      ,-612.565 ,  106.808
Gedung Sumpah Pemuda                                                                             ,Bangunan ,Kota Adm. Jakarta Pusat   ,-                                                                                                                                                                                                                                                                                                                                                                                                                                                                                                                                                                                                                                                                                                                                                                                                                                                                                                                                                                ,       0 ,      ,-61.838  ,  106.843
Gedung Kebangkitan Nasional                                                                      ,Bangunan ,Kota Adm. Jakarta Pusat   ,-                                                                                                                                                                                                                                                                                                                                                                                                                                                                                                                                                                                                                                                                                                                                                                                                                                                                                                                                                                ,       0 ,      ,-617.836 ,  106.838
Gedung Pancasila                                                                                 ,Bangunan ,Kota Adm. Jakarta Pusat   ,-                                                                                                                                                                                                                                                                                                                                                                                                                                                                                                                                                                                                                                                                                                                                                                                                                                                                                                                                                                ,       0 ,      ,-626.556 ,  106.863
Gedung BP 7 (Gedung Garuda)                                                                      ,Bangunan ,Kota Adm. Jakarta Pusat   ,-                                                                                                                                                                                                                                                                                                                                                                                                                                                                                                                                                                                                                                                                                                                                                                                                                                                                                                                                                                ,       0 ,      ,-617.505 ,  106.832
Museum Muhammad Husni Thamrin                                                                    ,Bangunan ,Kota Adm. Jakarta Pusat   ,-                                                                                                                                                                                                                                                                                                                                                                                                                                                                                                                                                                                                                                                                                                                                                                                                                                                                                                                                                                ,       0 ,      ,-619.389 ,  106.846
Gereja Kristen Indonesia                                                                         ,Bangunan ,Kota Adm. Jakarta Pusat   ,-                                                                                                                                                                                                                                                                                                                                                                                                                                                                                                                                                                                                                                                                                                                                                                                                                                                                                                                                                                ,       0 ,      ,-618.157 ,  106.839
Gedung Balai Seni (Wisma Seni)                                                                   ,Bangunan ,Kota Adm. Jakarta Pusat   ,-                                                                                                                                                                                                                                                                                                                                                                                                                                                                                                                                                                                                                                                                                                                                                                                                                                                                                                                                                                ,       0 ,      ,-617.838 ,  106.833
Gedung Perpustakaan Republik Indonesia                                                           ,Bangunan ,Kota Adm. Jakarta Pusat   ,-                                                                                                                                                                                                                                                                                                                                                                                                                                                                                                                                                                                                                                                                                                                                                                                                                                                                                                                                                                ,       0 ,      ,-618.111 ,  106.827
Gedung Perusahaan Listrik Negara                                                                 ,Bangunan ,Kota Adm. Jakarta Pusat   ,-                                                                                                                                                                                                                                                                                                                                                                                                                                                                                                                                                                                                                                                                                                                                                                                                                                                                                                                                                                ,       0 ,      ,-618.056 ,  106.832
Gedung ex Ditjen Perhubungan Laut                                                                ,Bangunan ,Kota Adm. Jakarta Pusat   ,-                                                                                                                                                                                                                                                                                                                                                                                                                                                                                                                                                                                                                                                                                                                                                                                                                                                                                                                                                                ,       0 ,      ,-6.175   ,  106.831
Lapangan Merdeka dan Monumen Nasional                                                            ,Struktur ,Kota Adm. Jakarta Pusat   ,-                                                                                                                                                                                                                                                                                                                                                                                                                                                                                                                                                                                                                                                                                                                                                                                                                                                                                                                                                                ,       0 ,      ,-617.361 ,  106.827
Museum Taman Prasasti                                                                            ,Bangunan ,Kota Adm. Jakarta Pusat   ,-                                                                                                                                                                                                                                                                                                                                                                                                                                                                                                                                                                                                                                                                                                                                                                                                                                                                                                                                                                ,       0 ,      ,-617.222 ,  106.819
Gedung SMU Budi Utomo                                                                            ,Bangunan ,Kota Adm. Jakarta Pusat   ,-                                                                                                                                                                                                                                                                                                                                                                                                                                                                                                                                                                                                                                                                                                                                                                                                                                                                                                                                                                ,       0 ,      ,-61.669  ,  106.838
Gedung SMK Budi Utomo                                                                            ,Bangunan ,Kota Adm. Jakarta Pusat   ,-                                                                                                                                                                                                                                                                                                                                                                                                                                                                                                                                                                                                                                                                                                                                                                                                                                                                                                                                                                ,       0 ,      ,-616.716 ,  106.837
Gedung Mahkamah Agung (eks)                                                                      ,Bangunan ,Kota Adm. Jakarta Pusat   ,-                                                                                                                                                                                                                                                                                                                                                                                                                                                                                                                                                                                                                                                                                                                                                                                                                                                                                                                                                                ,       0 ,      ,-616.833 ,  106.837
Gedung Departemen Keuangan RI                                                                    ,Bangunan ,Kota Adm. Jakarta Pusat   ,-                                                                                                                                                                                                                                                                                                                                                                                                                                                                                                                                                                                                                                                                                                                                                                                                                                                                                                                                                                ,       0 ,      ,-616.917 ,  106.837
Masjid Istiqlal                                                                                  ,Bangunan ,Kota Adm. Jakarta Pusat   ,-                                                                                                                                                                                                                                                                                                                                                                                                                                                                                                                                                                                                                                                                                                                                                                                                                                                                                                                                                                ,       0 ,      ,-617.059 ,  106.831
Gedung SMP Negeri 1                                                                              ,Bangunan ,Kota Adm. Jakarta Pusat   ,-                                                                                                                                                                                                                                                                                                                                                                                                                                                                                                                                                                                                                                                                                                                                                                                                                                                                                                                                                                ,       0 ,      ,-619.287 ,  106.839
Gedung FK-UI Laboratorium Mikrobiologi                                                           ,Bangunan ,Kota Adm. Jakarta Pusat   ,-                                                                                                                                                                                                                                                                                                                                                                                                                                                                                                                                                                                                                                                                                                                                                                                                                                                                                                                                                                ,       0 ,      ,-6.199   ,  106.842
Rumah Kediaman Muhammad Hatta                                                                    ,Bangunan ,Kota Adm. Jakarta Pusat   ,-                                                                                                                                                                                                                                                                                                                                                                                                                                                                                                                                                                                                                                                                                                                                                                                                                                                                                                                                                                ,       0 ,      ,-621.111 ,  106.842
Rumah Sakit Cikini                                                                               ,Bangunan ,Kota Adm. Jakarta Pusat   ,-                                                                                                                                                                                                                                                                                                                                                                                                                                                                                                                                                                                                                                                                                                                                                                                                                                                                                                                                                                ,       0 ,      ,-61.914  ,  106.842
Gedung SD Manggarai Utara 1 dan 2                                                                ,Bangunan ,Kota Adm. Jakarta Selatan ,-                                                                                                                                                                                                                                                                                                                                                                                                                                                                                                                                                                                                                                                                                                                                                                                                                                                                                                                                                                ,       0 ,      ,-62.128  ,  106.856
Rumah (Alm) Brigjen D.I. Panjaitan                                                               ,Bangunan ,Kota Adm. Jakarta Selatan ,-                                                                                                                                                                                                                                                                                                                                                                                                                                                                                                                                                                                                                                                                                                                                                                                                                                                                                                                                                                ,       0 ,      ,-62.425  ,  106.802
Masjid Agung Al-Azhar                                                                            ,Bangunan ,Kota Adm. Jakarta Selatan ,-                                                                                                                                                                                                                                                                                                                                                                                                                                                                                                                                                                                                                                                                                                                                                                                                                                                                                                                                                                ,       0 ,      ,-623.472 ,  106.799
Masjid Kuno Bandengan                                                                            ,Bangunan ,Kota Adm. Jakarta Barat   ,-                                                                                                                                                                                                                                                                                                                                                                                                                                                                                                                                                                                                                                                                                                                                                                                                                                                                                                                                                                ,       0 ,      ,-613.654 ,  106.8
Gereja Katholik Santa Maria De Fatima                                                            ,Bangunan ,Kota Adm. Jakarta Barat   ,-                                                                                                                                                                                                                                                                                                                                                                                                                                                                                                                                                                                                                                                                                                                                                                                                                                                                                                                                                                ,       0 ,      ,-614.394 ,  106.812
Museum Wayang                                                                                    ,Bangunan ,Kota Adm. Jakarta Barat   ,-                                                                                                                                                                                                                                                                                                                                                                                                                                                                                                                                                                                                                                                                                                                                                                                                                                                                                                                                                                ,       0 ,      ,-613.464 ,  106.813
Makam Nani Wartabone                                                                             ,Situs    ,Kab. Bone Bolango         ,-                                                                                                                                                                                                                                                                                                                                                                                                                                                                                                                                                                                                                                                                                                                                                                                                                                                                                                                                                                ,       0 ,      ,538.586  ,  123.132
Makam Raja Blongkod                                                                              ,Situs    ,Kab. Bone Bolango         ,-                                                                                                                                                                                                                                                                                                                                                                                                                                                                                                                                                                                                                                                                                                                                                                                                                                                                                                                                                                ,       0 ,      ,614.134  ,  123.087
Kantor PT. PELNI                                                                                 ,Bangunan ,Kota Gorontalo            ,-                                                                                                                                                                                                                                                                                                                                                                                                                                                                                                                                                                                                                                                                                                                                                                                                                                                                                                                                                                ,       0 ,      ,53.259   ,  123.06
Kantor Pos Kota Gorontalo                                                                        ,Bangunan ,Kota Gorontalo            ,-                                                                                                                                                                                                                                                                                                                                                                                                                                                                                                                                                                                                                                                                                                                                                                                                                                                                                                                                                                ,       0 ,      ,532.372  ,  123.06
Benteng Otanaha                                                                                  ,Bangunan ,Kota Gorontalo            ,-                                                                                                                                                                                                                                                                                                                                                                                                                                                                                                                                                                                                                                                                                                                                                                                                                                                                                                                                                                ,       0 ,      ,548.902  ,  123.008
Benteng Ulupahu                                                                                  ,Bangunan ,Kota Gorontalo            ,-                                                                                                                                                                                                                                                                                                                                                                                                                                                                                                                                                                                                                                                                                                                                                                                                                                                                                                                                                                ,       0 ,      ,549.465  ,  123.009
Benteng Otahia                                                                                   ,Bangunan ,Kota Gorontalo            ,-                                                                                                                                                                                                                                                                                                                                                                                                                                                                                                                                                                                                                                                                                                                                                                                                                                                                                                                                                                ,       0 ,      ,548.272  ,  123.008
Benteng Orange                                                                                   ,Bangunan ,Kab. Gorontalo Utara      ,-                                                                                                                                                                                                                                                                                                                                                                                                                                                                                                                                                                                                                                                                                                                                                                                                                                                                                                                                                                ,       0 ,      ,850.556  ,  122.914
Masjid Agung Pondok Tinggi                                                                       ,Bangunan ,Kota Sungai Penuh         ,-                                                                                                                                                                                                                                                                                                                                                                                                                                                                                                                                                                                                                                                                                                                                                                                                                                                                                                                                                                ,       0 ,      ,-206.607 ,  101.394
Masjid Kuno Tanjung Pauh Ilir                                                                    ,Bangunan ,Kab. Kerinci              ,-                                                                                                                                                                                                                                                                                                                                                                                                                                                                                                                                                                                                                                                                                                                                                                                                                                                                                                                                                                ,       0 ,      ,-21.025  ,  101.443
Masjid Kramat Koto Tua (Pulau Tengah)                                                            ,Bangunan ,Kab. Kerinci              ,-                                                                                                                                                                                                                                                                                                                                                                                                                                                                                                                                                                                                                                                                                                                                                                                                                                                                                                                                                                ,       0 ,      ,-2.17    ,  101.467
Masjid Kuno Lempur Mudik                                                                         ,Bangunan ,Kab. Kerinci              ,-                                                                                                                                                                                                                                                                                                                                                                                                                                                                                                                                                                                                                                                                                                                                                                                                                                                                                                                                                                ,       0 ,      ,-22.564  ,  101.537
Masjid Kuno Lempur Tengah                                                                        ,Bangunan ,Kab. Kerinci              ,-                                                                                                                                                                                                                                                                                                                                                                                                                                                                                                                                                                                                                                                                                                                                                                                                                                                                                                                                                                ,       0 ,      ,-225.283 ,  101.536
Rumah Tradisional Rantau Panjang                                                                 ,Bangunan ,Kab. Merangin             ,-                                                                                                                                                                                                                                                                                                                                                                                                                                                                                                                                                                                                                                                                                                                                                                                                                                                                                                                                                                ,       0 ,      ,-184.653 ,  102.305
Situs Karangberahi                                                                               ,Situs    ,Kab. Merangin             ,-                                                                                                                                                                                                                                                                                                                                                                                                                                                                                                                                                                                                                                                                                                                                                                                                                                                                                                                                                                ,       0 ,      ,-20.601  ,  102.47
Klenteng Tuo Hok Tek                                                                             ,Bangunan ,Kota Jambi                ,-                                                                                                                                                                                                                                                                                                                                                                                                                                                                                                                                                                                                                                                                                                                                                                                                                                                                                                                                                                ,       0 ,      ,-162.944 ,  103.635
Candi Teluk I                                                                                    ,Struktur ,Kab. Muaro Jambi          ,-                                                                                                                                                                                                                                                                                                                                                                                                                                                                                                                                                                                                                                                                                                                                                                                                                                                                                                                                                                ,       0 ,      ,-147.885 ,  103.688
Candi Teluk II                                                                                   ,Struktur ,Kab. Muaro Jambi          ,-                                                                                                                                                                                                                                                                                                                                                                                                                                                                                                                                                                                                                                                                                                                                                                                                                                                                                                                                                                ,       0 ,      ,-148.184 ,  103.689
Candi Kembarbatu (terdiri dari Candi Induk dan Candi Perwara)                                    ,Struktur ,Kab. Muaro Jambi          ,-                                                                                                                                                                                                                                                                                                                                                                                                                                                                                                                                                                                                                                                                                                                                                                                                                                                                                                                                                                ,       0 ,      ,-147.779 ,  103.671
Candi Gumpung                                                                                    ,Struktur ,Kab. Muaro Jambi          ,-                                                                                                                                                                                                                                                                                                                                                                                                                                                                                                                                                                                                                                                                                                                                                                                                                                                                                                                                                                ,       0 ,      ,-147.719 ,  103.667
Candi Tinggi                                                                                     ,Struktur ,Kab. Muaro Jambi          ,-                                                                                                                                                                                                                                                                                                                                                                                                                                                                                                                                                                                                                                                                                                                                                                                                                                                                                                                                                                ,       0 ,      ,-147.589 ,  103.669
Candi Astano                                                                                     ,Struktur ,Kab. Muaro Jambi          ,-                                                                                                                                                                                                                                                                                                                                                                                                                                                                                                                                                                                                                                                                                                                                                                                                                                                                                                                                                                ,       0 ,      ,-147.452 ,  103.679
Candi Kotomahligai                                                                               ,Struktur ,Kab. Muaro Jambi          ,-                                                                                                                                                                                                                                                                                                                                                                                                                                                                                                                                                                                                                                                                                                                                                                                                                                                                                                                                                                ,       0 ,      ,-147.111 ,  103.637
Candi Kedaton                                                                                    ,Struktur ,Kab. Muaro Jambi          ,-                                                                                                                                                                                                                                                                                                                                                                                                                                                                                                                                                                                                                                                                                                                                                                                                                                                                                                                                                                ,       0 ,      ,-147.754 ,  103.644
Candi Gedong I dan II                                                                            ,Struktur ,Kab. Muaro Jambi          ,-                                                                                                                                                                                                                                                                                                                                                                                                                                                                                                                                                                                                                                                                                                                                                                                                                                                                                                                                                                ,       0 ,      ,-147.593 ,  103.659
Kolam Telagorajo                                                                                 ,Struktur ,Kab. Muaro Jambi          ,-                                                                                                                                                                                                                                                                                                                                                                                                                                                                                                                                                                                                                                                                                                                                                                                                                                                                                                                                                                ,       0 ,      ,-147.838 ,  103.669
Situs Muara Jambi                                                                                ,Situs    ,Kab. Muaro Jambi          ,-                                                                                                                                                                                                                                                                                                                                                                                                                                                                                                                                                                                                                                                                                                                                                                                                                                                                                                                                                                ,       0 ,      ,-147.779 ,  103.668
Menapo-menapo terdiri dari 69 buah                                                               ,Struktur ,Kab. Muaro Jambi          ,-                                                                                                                                                                                                                                                                                                                                                                                                                                                                                                                                                                                                                                                                                                                                                                                                                                                                                                                                                                ,       0 ,      ,-147.472 ,  103.671
Situs Prasasti Ciaruteun                                                                         ,Situs    ,Kab. Bogor                ,-                                                                                                                                                                                                                                                                                                                                                                                                                                                                                                                                                                                                                                                                                                                                                                                                                                                                                                                                                                ,       0 ,      ,-652.776 ,  106.691
Situs Kawasan Prasasti Tapak Gajah (Kebon Kopi I)                                                ,Situs    ,Kab. Bogor                ,-                                                                                                                                                                                                                                                                                                                                                                                                                                                                                                                                                                                                                                                                                                                                                                                                                                                                                                                                                                ,       0 ,      ,-652.771 ,  106.69
Situs Megalitik Gunung Padang                                                                    ,Situs    ,Kab. Cianjur              ,-                                                                                                                                                                                                                                                                                                                                                                                                                                                                                                                                                                                                                                                                                                                                                                                                                                                                                                                                                                ,       0 ,      ,-699.394 ,  107.056
Situs Astana Gede Kawali                                                                         ,Situs    ,Kab. Ciamis               ,-                                                                                                                                                                                                                                                                                                                                                                                                                                                                                                                                                                                                                                                                                                                                                                                                                                                                                                                                                                ,       0 ,      ,-718.977 ,  108.363
Kompleks Kepurbakalaan Candi Cangkuang                                                           ,Struktur ,Kab. Garut                ,-                                                                                                                                                                                                                                                                                                                                                                                                                                                                                                                                                                                                                                                                                                                                                                                                                                                                                                                                                                ,       0 ,      ,-710.336 ,  107.919
Situs Prasasti Batutulis                                                                         ,Situs    ,Kota Bogor                ,-                                                                                                                                                                                                                                                                                                                                                                                                                                                                                                                                                                                                                                                                                                                                                                                                                                                                                                                                                                ,       0 ,      ,-662.366 ,  106.809
Situs Purwakalih                                                                                 ,Situs    ,Kota Bogor                ,-                                                                                                                                                                                                                                                                                                                                                                                                                                                                                                                                                                                                                                                                                                                                                                                                                                                                                                                                                                ,       0 ,      ,-662.483 ,  106.809
Gedung Naskah Linggarjati                                                                        ,Bangunan ,Kab. Kuningan             ,-                                                                                                                                                                                                                                                                                                                                                                                                                                                                                                                                                                                                                                                                                                                                                                                                                                                                                                                                                                ,       0 ,      ,-688.121 ,  108.475
Vihara Mahacetya Dhanagun                                                                        ,Bangunan ,Kota Bogor                ,-                                                                                                                                                                                                                                                                                                                                                                                                                                                                                                                                                                                                                                                                                                                                                                                                                                                                                                                                                                ,       0 ,      ,-660.323 ,  106.799
Padepokan bekas kediaman Bung Karno                                                              ,Bangunan ,Kab. Karawang             ,-                                                                                                                                                                                                                                                                                                                                                                                                                                                                                                                                                                                                                                                                                                                                                                                                                                                                                                                                                                ,       0 ,      ,-615.626 ,  107.29
Keraton Kasepuhan                                                                                ,Bangunan ,Kota Cirebon              ,-                                                                                                                                                                                                                                                                                                                                                                                                                                                                                                                                                                                                                                                                                                                                                                                                                                                                                                                                                                ,       0 ,      ,-672.741 ,  108.571
Keraton Kanoman                                                                                  ,Bangunan ,Kota Cirebon              ,-                                                                                                                                                                                                                                                                                                                                                                                                                                                                                                                                                                                                                                                                                                                                                                                                                                                                                                                                                                ,       0 ,      ,-67.225  ,  108.568
Keraton Kacirebonan                                                                              ,Bangunan ,Kota Cirebon              ,-                                                                                                                                                                                                                                                                                                                                                                                                                                                                                                                                                                                                                                                                                                                                                                                                                                                                                                                                                                ,       0 ,      ,-672.528 ,  108.565
Gedung Merdeka Bandung                                                                           ,Bangunan ,Kota Bandung              ,-                                                                                                                                                                                                                                                                                                                                                                                                                                                                                                                                                                                                                                                                                                                                                                                                                                                                                                                                                                ,       0 ,      ,-692.122 ,  107.609
Masjid Agung Manonjaya                                                                           ,Bangunan ,Kab. Tasikmalaya          ,-                                                                                                                                                                                                                                                                                                                                                                                                                                                                                                                                                                                                                                                                                                                                                                                                                                                                                                                                                                ,       0 ,      ,-735.125 ,  108.307
Gedung Juang 45                                                                                  ,Bangunan ,Kab. Bekasi               ,-                                                                                                                                                                                                                                                                                                                                                                                                                                                                                                                                                                                                                                                                                                                                                                                                                                                                                                                                                                ,       0 ,      ,-625.912 ,  107.055
Bangunan Cagar Budaya Gedung Sate                                                                ,Bangunan ,Kota Bandung              ,-                                                                                                                                                                                                                                                                                                                                                                                                                                                                                                                                                                                                                                                                                                                                                                                                                                                                                                                                                                ,       0 ,      ,-690.247 ,  107.619
Museum Geologi                                                                                   ,Bangunan ,Kota Bandung              ,-                                                                                                                                                                                                                                                                                                                                                                                                                                                                                                                                                                                                                                                                                                                                                                                                                                                                                                                                                                ,       0 ,      ,-690.071 ,  107.621
Gedung Dwiwarna                                                                                  ,Bangunan ,Kota Bandung              ,-                                                                                                                                                                                                                                                                                                                                                                                                                                                                                                                                                                                                                                                                                                                                                                                                                                                                                                                                                                ,       0 ,      ,-690.069 ,  107.623
Gedung Bank Mandiri (eks. Bank Dagang Negara)                                                    ,Bangunan ,Kota Bandung              ,-                                                                                                                                                                                                                                                                                                                                                                                                                                                                                                                                                                                                                                                                                                                                                                                                                                                                                                                                                                ,       0 ,      ,-692.102 ,  107.608
Gedung Asuransi Jiwasraya                                                                        ,Bangunan ,Kota Bandung              ,-                                                                                                                                                                                                                                                                                                                                                                                                                                                                                                                                                                                                                                                                                                                                                                                                                                                                                                                                                                ,       0 ,      ,-692.098 ,  107.607
Hotel Savoy Homann                                                                               ,Bangunan ,Kota Bandung              ,-                                                                                                                                                                                                                                                                                                                                                                                                                                                                                                                                                                                                                                                                                                                                                                                                                                                                                                                                                                ,       0 ,      ,-692.176 ,  107.61
Gedung PLN Distribusi Jawa Barat                                                                 ,Bangunan ,Kota Bandung              ,-                                                                                                                                                                                                                                                                                                                                                                                                                                                                                                                                                                                                                                                                                                                                                                                                                                                                                                                                                                ,       0 ,      ,-692.114 ,  107.608
Gedung Harian Umum Pikiran Rakyat                                                                ,Bangunan ,Kota Bandung              ,-                                                                                                                                                                                                                                                                                                                                                                                                                                                                                                                                                                                                                                                                                                                                                                                                                                                                                                                                                                ,       0 ,      ,-692.145 ,  107.611
Gedung SLB Cicendo                                                                               ,Bangunan ,Kota Bandung              ,-                                                                                                                                                                                                                                                                                                                                                                                                                                                                                                                                                                                                                                                                                                                                                                                                                                                                                                                                                                ,       0 ,      ,-691.078 ,  107.604
Hotel Preanger                                                                                   ,Bangunan ,Kota Bandung              ,-                                                                                                                                                                                                                                                                                                                                                                                                                                                                                                                                                                                                                                                                                                                                                                                                                                                                                                                                                                ,       0 ,      ,-692.147 ,  107.612
Gedung Paguyuban Pasundan                                                                        ,Bangunan ,Kota Bandung              ,-                                                                                                                                                                                                                                                                                                                                                                                                                                                                                                                                                                                                                                                                                                                                                                                                                                                                                                                                                                ,       0 ,      ,-691.157 ,  107.612
Gedung SMPN 5 Bandung                                                                            ,Bangunan ,Kota Bandung              ,-                                                                                                                                                                                                                                                                                                                                                                                                                                                                                                                                                                                                                                                                                                                                                                                                                                                                                                                                                                ,       0 ,      ,-691.468 ,  107.614
Gedung SMUN 3 dan SMUN 5 Bandung                                                                 ,Bangunan ,Kota Bandung              ,-                                                                                                                                                                                                                                                                                                                                                                                                                                                                                                                                                                                                                                                                                                                                                                                                                                                                                                                                                                ,       0 ,      ,-691.238 ,  107.615
Gedung SMP Negeri 2 Bandung                                                                      ,Bangunan ,Kota Bandung              ,-                                                                                                                                                                                                                                                                                                                                                                                                                                                                                                                                                                                                                                                                                                                                                                                                                                                                                                                                                                ,       0 ,      ,-691.398 ,  107.614
Balai Kota Bogor                                                                                 ,Bangunan ,Kota Bogor                ,-                                                                                                                                                                                                                                                                                                                                                                                                                                                                                                                                                                                                                                                                                                                                                                                                                                                                                                                                                                ,       0 ,      ,-659.517 ,  106.794
Gedung Karesidenan Bogor                                                                         ,Bangunan ,Kota Bogor                ,-                                                                                                                                                                                                                                                                                                                                                                                                                                                                                                                                                                                                                                                                                                                                                                                                                                                                                                                                                                ,       0 ,      ,-659.355 ,  106.795
Markas Kodim 0606 Bogor                                                                          ,Bangunan ,Kota Bogor                ,-                                                                                                                                                                                                                                                                                                                                                                                                                                                                                                                                                                                                                                                                                                                                                                                                                                                                                                                                                                ,       0 ,      ,-658.676 ,  106.797
Markas Korem 061/Surya Kencana                                                                   ,Bangunan ,Kota Bogor                ,-                                                                                                                                                                                                                                                                                                                                                                                                                                                                                                                                                                                                                                                                                                                                                                                                                                                                                                                                                                ,       0 ,      ,-658.722 ,  106.788
Gedung Blenong/Badan Pertanahan Nasional Bogor                                                   ,Bangunan ,Kota Bogor                ,-                                                                                                                                                                                                                                                                                                                                                                                                                                                                                                                                                                                                                                                                                                                                                                                                                                                                                                                                                                ,       0 ,      ,-659.251 ,  106.802
Gedung RRI Regional II Bogor                                                                     ,Bangunan ,Kota Bogor                ,-                                                                                                                                                                                                                                                                                                                                                                                                                                                                                                                                                                                                                                                                                                                                                                                                                                                                                                                                                                ,       0 ,      ,-659.262 ,  106.804
Balai Penelitian Bio Teknologi Perkebunan Republik Indonesia                                     ,Bangunan ,Kota Bogor                ,-                                                                                                                                                                                                                                                                                                                                                                                                                                                                                                                                                                                                                                                                                                                                                                                                                                                                                                                                                                ,       0 ,      ,-658.839 ,  106.802
Kantor Pos Bogor                                                                                 ,Bangunan ,Kota Bogor                ,-                                                                                                                                                                                                                                                                                                                                                                                                                                                                                                                                                                                                                                                                                                                                                                                                                                                                                                                                                                ,       0 ,      ,-660.008 ,  106.795
Lembaga Pemasyarakatan Bogor                                                                     ,Bangunan ,Kota Bogor                ,-                                                                                                                                                                                                                                                                                                                                                                                                                                                                                                                                                                                                                                                                                                                                                                                                                                                                                                                                                                ,       0 ,      ,-659.616 ,  106.79
Museum Zoologi Bogor                                                                             ,Bangunan ,Kota Bogor                ,-                                                                                                                                                                                                                                                                                                                                                                                                                                                                                                                                                                                                                                                                                                                                                                                                                                                                                                                                                                ,       0 ,      ,-660.365 ,  106.797
Monumen dan Museum Peta                                                                          ,Bangunan ,Kota Bogor                ,-                                                                                                                                                                                                                                                                                                                                                                                                                                                                                                                                                                                                                                                                                                                                                                                                                                                                                                                                                                ,       0 ,      ,-658.519 ,  106.796
Makam Raden Saleh                                                                                ,Situs    ,Kota Bogor                ,-                                                                                                                                                                                                                                                                                                                                                                                                                                                                                                                                                                                                                                                                                                                                                                                                                                                                                                                                                                ,       0 ,      ,-660.988 ,  106.798
Gereja Kathedral                                                                                 ,Bangunan ,Kota Bogor                ,-                                                                                                                                                                                                                                                                                                                                                                                                                                                                                                                                                                                                                                                                                                                                                                                                                                                                                                                                                                ,       0 ,      ,-659.693 ,  106.793
Gereja Zeboath                                                                                   ,Bangunan ,Kota Bogor                ,-                                                                                                                                                                                                                                                                                                                                                                                                                                                                                                                                                                                                                                                                                                                                                                                                                                                                                                                                                                ,       0 ,      ,-659.791 ,  106.794
Gedung SMA YZ-A2 Bogor                                                                           ,Bangunan ,Kota Bogor                ,-                                                                                                                                                                                                                                                                                                                                                                                                                                                                                                                                                                                                                                                                                                                                                                                                                                                                                                                                                                ,       0 ,      ,-658.752 ,  106.784
Gedung SMP Negeri 2 Bogor                                                                        ,Bangunan ,Kota Bogor                ,-                                                                                                                                                                                                                                                                                                                                                                                                                                                                                                                                                                                                                                                                                                                                                                                                                                                                                                                                                                ,       0 ,      ,-659.262 ,  106.793
Gedung SMA-SMP Negeri 1 Bogor                                                                    ,Bangunan ,Kota Bogor                ,-                                                                                                                                                                                                                                                                                                                                                                                                                                                                                                                                                                                                                                                                                                                                                                                                                                                                                                                                                                ,       0 ,      ,-659.738 ,  106.793
Stasiun Kereta Api Bogor                                                                         ,Bangunan ,Kota Bogor                ,-                                                                                                                                                                                                                                                                                                                                                                                                                                                                                                                                                                                                                                                                                                                                                                                                                                                                                                                                                                ,       0 ,      ,-659.433 ,  106.791
Rumah Sakit Salak                                                                                ,Bangunan ,Kota Bogor                ,-                                                                                                                                                                                                                                                                                                                                                                                                                                                                                                                                                                                                                                                                                                                                                                                                                                                                                                                                                                ,       0 ,      ,-659.175 ,  106.797
Rumah Panti Asuhan Bina Harapan                                                                  ,Bangunan ,Kota Bogor                ,-                                                                                                                                                                                                                                                                                                                                                                                                                                                                                                                                                                                                                                                                                                                                                                                                                                                                                                                                                                ,       0 ,      ,-65.905  ,  106.797
Hotel Salak                                                                                      ,Bangunan ,Kota Bogor                ,-                                                                                                                                                                                                                                                                                                                                                                                                                                                                                                                                                                                                                                                                                                                                                                                                                                                                                                                                                                ,       0 ,      ,-659.465 ,  106.794
Observatorium Bosscha                                                                            ,Bangunan ,Kab. Bandung Barat        ,-                                                                                                                                                                                                                                                                                                                                                                                                                                                                                                                                                                                                                                                                                                                                                                                                                                                                                                                                                                ,       0 ,      ,-682.451 ,  107.616
Gedung Karesidenan Cirebon                                                                       ,Bangunan ,Kota Cirebon              ,-                                                                                                                                                                                                                                                                                                                                                                                                                                                                                                                                                                                                                                                                                                                                                                                                                                                                                                                                                                ,       0 ,      ,-670.806 ,  108.556
Gedung Balaikota Cirebon                                                                         ,Bangunan ,Kota Cirebon              ,-                                                                                                                                                                                                                                                                                                                                                                                                                                                                                                                                                                                                                                                                                                                                                                                                                                                                                                                                                                ,       0 ,      ,-671.222 ,  108.562
Rumah Dinas Bupati Cirebon                                                                       ,Bangunan ,Kota Cirebon              ,-                                                                                                                                                                                                                                                                                                                                                                                                                                                                                                                                                                                                                                                                                                                                                                                                                                                                                                                                                                ,       0 ,      ,-673.444 ,  108.566
Menara Air Perujakan                                                                             ,Struktur ,Kota Cirebon              ,-                                                                                                                                                                                                                                                                                                                                                                                                                                                                                                                                                                                                                                                                                                                                                                                                                                                                                                                                                                ,       0 ,      ,-67.197  ,  108.56
Gedung SMP Negeri I Cirebon                                                                      ,Bangunan ,Kota Cirebon              ,-                                                                                                                                                                                                                                                                                                                                                                                                                                                                                                                                                                                                                                                                                                                                                                                                                                                                                                                                                                ,       0 ,      ,-671.333 ,  108.565
Gedung SMP Negeri 14 Cirebon                                                                     ,Bangunan ,Kota Cirebon              ,-                                                                                                                                                                                                                                                                                                                                                                                                                                                                                                                                                                                                                                                                                                                                                                                                                                                                                                                                                                ,       0 ,      ,-67.204  ,  108.571
Kantor PT. Pos Indonesia Cirebon                                                                 ,Bangunan ,Kota Cirebon              ,-                                                                                                                                                                                                                                                                                                                                                                                                                                                                                                                                                                                                                                                                                                                                                                                                                                                                                                                                                                ,       0 ,      ,-671.965 ,  108.572
Petilasan Pangeran Drajad                                                                        ,Bangunan ,Kota Cirebon              ,-                                                                                                                                                                                                                                                                                                                                                                                                                                                                                                                                                                                                                                                                                                                                                                                                                                                                                                                                                                ,       0 ,      ,-673.611 ,  108.572
Situs Makam Syekh Maghribi                                                                       ,Situs    ,Kota Cirebon              ,-                                                                                                                                                                                                                                                                                                                                                                                                                                                                                                                                                                                                                                                                                                                                                                                                                                                                                                                                                                ,       0 ,      ,-672.275 ,  108.565
Situs Kejawanan                                                                                  ,Situs    ,Kota Cirebon              ,-                                                                                                                                                                                                                                                                                                                                                                                                                                                                                                                                                                                                                                                                                                                                                                                                                                                                                                                                                                ,       0 ,      ,-673.487 ,  108.579
Petilasan Kalijaga                                                                               ,Situs    ,Kota Cirebon              ,-                                                                                                                                                                                                                                                                                                                                                                                                                                                                                                                                                                                                                                                                                                                                                                                                                                                                                                                                                                ,       0 ,      ,-675.806 ,  108.552
Masjid Merah Panjunan                                                                            ,Bangunan ,Kota Cirebon              ,-                                                                                                                                                                                                                                                                                                                                                                                                                                                                                                                                                                                                                                                                                                                                                                                                                                                                                                                                                                ,       0 ,      ,-671.753 ,  108.566
Gedung Bank Mandiri Cabang Cirebon                                                               ,Bangunan ,Kota Cirebon              ,-                                                                                                                                                                                                                                                                                                                                                                                                                                                                                                                                                                                                                                                                                                                                                                                                                                                                                                                                                                ,       0 ,      ,-671.819 ,  108.57
Gedung PT. Cipta Niaga Cirebon                                                                   ,Bangunan ,Kota Cirebon              ,-                                                                                                                                                                                                                                                                                                                                                                                                                                                                                                                                                                                                                                                                                                                                                                                                                                                                                                                                                                ,       0 ,      ,-67.202  ,  108.572
Gedung Bank Indonesia Cabang Cirebon                                                             ,Bangunan ,Kota Cirebon              ,-                                                                                                                                                                                                                                                                                                                                                                                                                                                                                                                                                                                                                                                                                                                                                                                                                                                                                                                                                                ,       0 ,      ,-671.917 ,  108.572
Gedung PT. British American Tobaccos                                                             ,Bangunan ,Kota Cirebon              ,-                                                                                                                                                                                                                                                                                                                                                                                                                                                                                                                                                                                                                                                                                                                                                                                                                                                                                                                                                                ,       0 ,      ,-671.909 ,  108.57
Gedung Bunder Kebumen                                                                            ,Bangunan ,Kota Cirebon              ,-                                                                                                                                                                                                                                                                                                                                                                                                                                                                                                                                                                                                                                                                                                                                                                                                                                                                                                                                                                ,       0 ,      ,-672.023 ,  108.571
Gereja Kristen Pasundan Jemaat Cirebon                                                           ,Bangunan ,Kota Cirebon              ,-                                                                                                                                                                                                                                                                                                                                                                                                                                                                                                                                                                                                                                                                                                                                                                                                                                                                                                                                                                ,       0 ,      ,-672.032 ,  108.572
Gereja Santo Yusuf Cirebon                                                                       ,Bangunan ,Kota Cirebon              ,-                                                                                                                                                                                                                                                                                                                                                                                                                                                                                                                                                                                                                                                                                                                                                                                                                                                                                                                                                                ,       0 ,      ,-672.184 ,  108.572
Lembaga Pemasyarakatan Kelas I Cirebon                                                           ,Bangunan ,Kota Cirebon              ,-                                                                                                                                                                                                                                                                                                                                                                                                                                                                                                                                                                                                                                                                                                                                                                                                                                                                                                                                                                ,       0 ,      ,-672.795 ,  108.558
Kompleks Gedung Pamitran                                                                         ,Bangunan ,Kota Cirebon              ,-                                                                                                                                                                                                                                                                                                                                                                                                                                                                                                                                                                                                                                                                                                                                                                                                                                                                                                                                                                ,       0 ,      ,-67.135  ,  108.561
Rumah Sakit Umum Daerah Gunung Jati Cirebon                                                      ,Bangunan ,Kota Cirebon              ,-                                                                                                                                                                                                                                                                                                                                                                                                                                                                                                                                                                                                                                                                                                                                                                                                                                                                                                                                                                ,       0 ,      ,-673.105 ,  108.556
Kelenteng Dewi Welas Asih                                                                        ,Bangunan ,Kota Cirebon              ,-                                                                                                                                                                                                                                                                                                                                                                                                                                                                                                                                                                                                                                                                                                                                                                                                                                                                                                                                                                ,       0 ,      ,-671.791 ,  108.57
Kelenteng Talang (Soeh Boen Pang Gie Soe)                                                        ,Bangunan ,Kota Cirebon              ,-                                                                                                                                                                                                                                                                                                                                                                                                                                                                                                                                                                                                                                                                                                                                                                                                                                                                                                                                                                ,       0 ,      ,-671.982 ,  108.569
Stasiun Kereta Api Kejaksan Cirebon                                                              ,Bangunan ,Kota Cirebon              ,-                                                                                                                                                                                                                                                                                                                                                                                                                                                                                                                                                                                                                                                                                                                                                                                                                                                                                                                                                                ,       0 ,      ,-670.833 ,  108.559
Stasiun Kereta Api Perujakan                                                                     ,Bangunan ,Kota Cirebon              ,-                                                                                                                                                                                                                                                                                                                                                                                                                                                                                                                                                                                                                                                                                                                                                                                                                                                                                                                                                                ,       0 ,      ,-672.111 ,  108.564
Kelenteng Pemancar Keselamatan                                                                   ,Bangunan ,Kota Cirebon              ,-                                                                                                                                                                                                                                                                                                                                                                                                                                                                                                                                                                                                                                                                                                                                                                                                                                                                                                                                                                ,       0 ,      ,-670.639 ,  108.577
Gedung SMP Negeri 16 Cirebon                                                                     ,Bangunan ,Kota Cirebon              ,-                                                                                                                                                                                                                                                                                                                                                                                                                                                                                                                                                                                                                                                                                                                                                                                                                                                                                                                                                                ,       0 ,      ,-672.053 ,  108.571
Situs Pedati Gede                                                                                ,Situs    ,Kota Cirebon              ,-                                                                                                                                                                                                                                                                                                                                                                                                                                                                                                                                                                                                                                                                                                                                                                                                                                                                                                                                                                ,       0 ,      ,-671.818 ,  108.561
Makam Pangeran Sipat Lurung                                                                      ,Situs    ,Kota Cirebon              ,-                                                                                                                                                                                                                                                                                                                                                                                                                                                                                                                                                                                                                                                                                                                                                                                                                                                                                                                                                                ,       0 ,      ,-6.735   ,  108.573
Rumah Dr. Toki Syamsudin                                                                         ,Bangunan ,Kab. Cianjur              ,-                                                                                                                                                                                                                                                                                                                                                                                                                                                                                                                                                                                                                                                                                                                                                                                                                                                                                                                                                                ,       0 ,      ,-682.243 ,  107.143
Istana Cipanas                                                                                   ,Bangunan ,Kab. Cianjur              ,-                                                                                                                                                                                                                                                                                                                                                                                                                                                                                                                                                                                                                                                                                                                                                                                                                                                                                                                                                                ,       0 ,      ,-673.354 ,  107.041
Bendungan Walahar                                                                                ,Struktur ,Kab. Karawang             ,-                                                                                                                                                                                                                                                                                                                                                                                                                                                                                                                                                                                                                                                                                                                                                                                                                                                                                                                                                                ,       0 ,      ,-63.834  ,  107.361
Gedung Blenong                                                                                   ,Bangunan ,Kab. Bogor                ,-                                                                                                                                                                                                                                                                                                                                                                                                                                                                                                                                                                                                                                                                                                                                                                                                                                                                                                                                                                ,       0 ,      ,-664.957 ,  106.755
Rumah Tinggal Song Beng Tjoeij                                                                   ,Bangunan ,Kab. Bogor                ,-                                                                                                                                                                                                                                                                                                                                                                                                                                                                                                                                                                                                                                                                                                                                                                                                                                                                                                                                                                ,       0 ,      ,-65.415  ,  106.695
Gedung Eks. Asisten Residen Indramayu                                                            ,Bangunan ,Kab. Indramayu            ,-                                                                                                                                                                                                                                                                                                                                                                                                                                                                                                                                                                                                                                                                                                                                                                                                                                                                                                                                                                ,       0 ,      ,-632.275 ,  108.319
Asrama Kodim 0616 Indramayu                                                                      ,Bangunan ,Kab. Indramayu            ,-                                                                                                                                                                                                                                                                                                                                                                                                                                                                                                                                                                                                                                                                                                                                                                                                                                                                                                                                                                ,       0 ,      ,-632.338 ,  108.319
Kantor Kodam III/Siliwangi                                                                       ,Bangunan ,Kab. Purwakarta           ,-                                                                                                                                                                                                                                                                                                                                                                                                                                                                                                                                                                                                                                                                                                                                                                                                                                                                                                                                                                ,       0 ,      ,-655.314 ,  107.446
Masjid Agung Demak                                                                               ,Bangunan ,Kab. Demak                ,-                                                                                                                                                                                                                                                                                                                                                                                                                                                                                                                                                                                                                                                                                                                                                                                                                                                                                                                                                                ,       0 ,      ,-689.473 ,  110.637
Makam Ki Padmosusastro                                                                           ,Situs    ,Kota Surakarta            ,-                                                                                                                                                                                                                                                                                                                                                                                                                                                                                                                                                                                                                                                                                                                                                                                                                                                                                                                                                                ,       0 ,      ,-757.416 ,  110.809
Daerah Sangiran                                                                                  ,Kawasan  ,Kab. Sragen               ,-                                                                                                                                                                                                                                                                                                                                                                                                                                                                                                                                                                                                                                                                                                                                                                                                                                                                                                                                                                ,       0 ,      ,-745.575 ,  110.834
Candi Borobudur                                                                                  ,Struktur ,Kab. Magelang             ,-                                                                                                                                                                                                                                                                                                                                                                                                                                                                                                                                                                                                                                                                                                                                                                                                                                                                                                                                                                ,       0 ,      ,-760.792 ,  110.204
Candi Mendut                                                                                     ,Struktur ,Kab. Magelang             ,-                                                                                                                                                                                                                                                                                                                                                                                                                                                                                                                                                                                                                                                                                                                                                                                                                                                                                                                                                                ,       0 ,      ,-760.478 ,  110.23
Candi Pawon                                                                                      ,Struktur ,Kab. Magelang             ,-                                                                                                                                                                                                                                                                                                                                                                                                                                                                                                                                                                                                                                                                                                                                                                                                                                                                                                                                                                ,       0 ,      ,-760.615 ,  110.22
Candi Ngawen                                                                                     ,Struktur ,Kab. Magelang             ,-                                                                                                                                                                                                                                                                                                                                                                                                                                                                                                                                                                                                                                                                                                                                                                                                                                                                                                                                                                ,       0 ,      ,-760.408 ,  110.272
Candi Plaosan                                                                                    ,Struktur ,Kab. Klaten               ,-                                                                                                                                                                                                                                                                                                                                                                                                                                                                                                                                                                                                                                                                                                                                                                                                                                                                                                                                                                ,       0 ,      ,-774.054 ,  110.505
Candi Sewu                                                                                       ,Struktur ,Kab. Klaten               ,-                                                                                                                                                                                                                                                                                                                                                                                                                                                                                                                                                                                                                                                                                                                                                                                                                                                                                                                                                                ,       0 ,      ,-774.393 ,  110.493
Kawasan Sangiran                                                                                 ,Kawasan  ,Kab. Karanganyar          ,-                                                                                                                                                                                                                                                                                                                                                                                                                                                                                                                                                                                                                                                                                                                                                                                                                                                                                                                                                                ,       0 ,      ,-746.361 ,  110.816
Makam dan Masjid Mantingan                                                                       ,Situs    ,Kab. Jepara               ,-                                                                                                                                                                                                                                                                                                                                                                                                                                                                                                                                                                                                                                                                                                                                                                                                                                                                                                                                                                ,       0 ,      ,-661.943 ,  110.669
Makam dan Masjid Gala                                                                            ,Situs    ,Kab. Klaten               ,-                                                                                                                                                                                                                                                                                                                                                                                                                                                                                                                                                                                                                                                                                                                                                                                                                                                                                                                                                                ,       0 ,      ,-778.162 ,  110.633
Makam dan Santren                                                                                ,Situs    ,Kab. Purworejo            ,-                                                                                                                                                                                                                                                                                                                                                                                                                                                                                                                                                                                                                                                                                                                                                                                                                                                                                                                                                                ,       0 ,      ,-782.907 ,  110.029
Masjid Agung Surakarta                                                                           ,Bangunan ,Kota Surakarta            ,-                                                                                                                                                                                                                                                                                                                                                                                                                                                                                                                                                                                                                                                                                                                                                                                                                                                                                                                                                                ,       0 ,      ,-757.451 ,  110.827
Masjid Agung Banyumas                                                                            ,Bangunan ,Kab. Banyumas             ,-                                                                                                                                                                                                                                                                                                                                                                                                                                                                                                                                                                                                                                                                                                                                                                                                                                                                                                                                                                ,       0 ,      ,-751.652 ,  109.293
Pasar Johar                                                                                      ,Bangunan ,Kota Semarang             ,-                                                                                                                                                                                                                                                                                                                                                                                                                                                                                                                                                                                                                                                                                                                                                                                                                                                                                                                                                                ,       0 ,      ,-697.196 ,  110.424
Kawasan Laweyan                                                                                  ,Kawasan  ,Kota Surakarta            ,-                                                                                                                                                                                                                                                                                                                                                                                                                                                                                                                                                                                                                                                                                                                                                                                                                                                                                                                                                                ,       0 ,      ,-756.955 ,  110.796
Candi Asu                                                                                        ,Struktur ,Kab. Magelang             ,-                                                                                                                                                                                                                                                                                                                                                                                                                                                                                                                                                                                                                                                                                                                                                                                                                                                                                                                                                                ,       0 ,      ,-752.742 ,  110.352
Candi Pendem                                                                                     ,Struktur ,Kab. Magelang             ,-                                                                                                                                                                                                                                                                                                                                                                                                                                                                                                                                                                                                                                                                                                                                                                                                                                                                                                                                                                ,       0 ,      ,-752.567 ,  110.352
Keraton Kasunanan Surakarta Hadiningrat                                                          ,Bangunan ,Kota Surakarta            ,-                                                                                                                                                                                                                                                                                                                                                                                                                                                                                                                                                                                                                                                                                                                                                                                                                                                                                                                                                                ,       0 ,      ,-757.753 ,  110.828
Kompleks Masjid Ciptomulyo                                                                       ,Bangunan ,Kab. Boyolali             ,-                                                                                                                                                                                                                                                                                                                                                                                                                                                                                                                                                                                                                                                                                                                                                                                                                                                                                                                                                                ,       0 ,      ,-755.071 ,  110.675
Umbul Pengging                                                                                   ,Bangunan ,Kab. Boyolali             ,-                                                                                                                                                                                                                                                                                                                                                                                                                                                                                                                                                                                                                                                                                                                                                                                                                                                                                                                                                                ,       0 ,      ,-755.328 ,  110.676
Kompleks Petirtaan Cabean Kunti                                                                  ,Bangunan ,Kab. Boyolali             ,-                                                                                                                                                                                                                                                                                                                                                                                                                                                                                                                                                                                                                                                                                                                                                                                                                                                                                                                                                                ,       0 ,      ,-750.328 ,  110.539
Situs Menggung                                                                                   ,Situs    ,Kab. Karanganyar          ,-                                                                                                                                                                                                                                                                                                                                                                                                                                                                                                                                                                                                                                                                                                                                                                                                                                                                                                                                                                ,       0 ,      ,-767.169 ,  111.13
Candi Sukuh                                                                                      ,Struktur ,Kab. Karanganyar          ,-                                                                                                                                                                                                                                                                                                                                                                                                                                                                                                                                                                                                                                                                                                                                                                                                                                                                                                                                                                ,       0 ,      ,-76.273  ,  111.132
Situs Candi Cetho                                                                                ,Situs    ,Kab. Karanganyar          ,-                                                                                                                                                                                                                                                                                                                                                                                                                                                                                                                                                                                                                                                                                                                                                                                                                                                                                                                                                                ,       0 ,      ,-759.577 ,  111.158
Candi Merak                                                                                      ,Struktur ,Kab. Klaten               ,-                                                                                                                                                                                                                                                                                                                                                                                                                                                                                                                                                                                                                                                                                                                                                                                                                                                                                                                                                                ,       0 ,      ,-76.697  ,  110.553
Candi Gunungsari                                                                                 ,Struktur ,Kab. Magelang             ,-                                                                                                                                                                                                                                                                                                                                                                                                                                                                                                                                                                                                                                                                                                                                                                                                                                                                                                                                                                ,       0 ,      ,-760.217 ,  110.283
Candi Retno                                                                                      ,Struktur ,Kab. Magelang             ,-                                                                                                                                                                                                                                                                                                                                                                                                                                                                                                                                                                                                                                                                                                                                                                                                                                                                                                                                                                ,       0 ,      ,-743.374 ,  110.246
Candi Klero (Tengaran)                                                                           ,Struktur ,Kab. Semarang             ,-                                                                                                                                                                                                                                                                                                                                                                                                                                                                                                                                                                                                                                                                                                                                                                                                                                                                                                                                                                ,       0 ,      ,-74.125  ,  110.524
Kompleks Percandian Gedongsongo                                                                  ,Struktur ,Kab. Semarang             ,-                                                                                                                                                                                                                                                                                                                                                                                                                                                                                                                                                                                                                                                                                                                                                                                                                                                                                                                                                                ,       0 ,      ,-720.816 ,  110.342
Pesanggrahan Langenharjo                                                                         ,Bangunan ,Kab. Sukoharjo            ,-                                                                                                                                                                                                                                                                                                                                                                                                                                                                                                                                                                                                                                                                                                                                                                                                                                                                                                                                                                ,       0 ,      ,-76.163  ,  110.813
Gereja Blenduk (GPIB Imanuel)                                                                    ,Bangunan ,Kota Semarang             ,-                                                                                                                                                                                                                                                                                                                                                                                                                                                                                                                                                                                                                                                                                                                                                                                                                                                                                                                                                                ,       0 ,      ,-696.809 ,  110.428
Kompleks Makam Bayat                                                                             ,Situs    ,Kab. Klaten               ,-                                                                                                                                                                                                                                                                                                                                                                                                                                                                                                                                                                                                                                                                                                                                                                                                                                                                                                                                                                ,       0 ,      ,-778.094 ,  110.633
Masjid dan Makam Majasem                                                                         ,Situs    ,Kab. Klaten               ,-                                                                                                                                                                                                                                                                                                                                                                                                                                                                                                                                                                                                                                                                                                                                                                                                                                                                                                                                                                ,       0 ,      ,-773.203 ,  110.571
Kelenteng Tay Kak Sie                                                                            ,Bangunan ,Kota Semarang             ,-                                                                                                                                                                                                                                                                                                                                                                                                                                                                                                                                                                                                                                                                                                                                                                                                                                                                                                                                                                ,       0 ,      ,-69.741  ,  110.428
Pg. Gondang Baru                                                                                 ,Bangunan ,Kab. Klaten               ,-                                                                                                                                                                                                                                                                                                                                                                                                                                                                                                                                                                                                                                                                                                                                                                                                                                                                                                                                                                ,       0 ,      ,-772.076 ,  110.563
Kompleks RSUD RAA Soewondo Pati                                                                  ,Bangunan ,Kab. Pati                 ,-                                                                                                                                                                                                                                                                                                                                                                                                                                                                                                                                                                                                                                                                                                                                                                                                                                                                                                                                                                ,       0 ,      ,-67.389  ,  111.043
Museum Kereta Api Ambarawa                                                                       ,Bangunan ,Kab. Semarang             ,-                                                                                                                                                                                                                                                                                                                                                                                                                                                                                                                                                                                                                                                                                                                                                                                                                                                                                                                                                                ,       0 ,      ,-726.542 ,  110.401
Candi Lawang                                                                                     ,Struktur ,Kab. Boyolali             ,-                                                                                                                                                                                                                                                                                                                                                                                                                                                                                                                                                                                                                                                                                                                                                                                                                                                                                                                                                                ,       0 ,      ,-752.338 ,  110.52
Masjid Loano                                                                                     ,Bangunan ,Kab. Purworejo            ,-                                                                                                                                                                                                                                                                                                                                                                                                                                                                                                                                                                                                                                                                                                                                                                                                                                                                                                                                                                ,       0 ,      ,-767.129 ,  110.047
Gereja Kyai Sadrah                                                                               ,Bangunan ,Kab. Purworejo            ,-                                                                                                                                                                                                                                                                                                                                                                                                                                                                                                                                                                                                                                                                                                                                                                                                                                                                                                                                                                ,       0 ,      ,-777.237 ,  109.864
Rumah Sakit Jiwa Prof. Dr. Soeroyo                                                               ,Bangunan ,Kota Magelang             ,Mulai dibangun pada tahun 1916 dengan nama krankzinningengesticht pada tahun 1923 mulai digunakan. Info lengkapnya di http://rsjsoerojo.co.id/sejarah-singkat/                                                                                                                                                                                                                                                                                                                                                                                                                                                                                                                                                                                                                                                                                                                                                                                                   ,       0 ,      ,-744.142 ,  110.219
Stasiun Tawang                                                                                   ,Bangunan ,Kota Semarang             ,-                                                                                                                                                                                                                                                                                                                                                                                                                                                                                                                                                                                                                                                                                                                                                                                                                                                                                                                                                                ,       0 ,      ,-696.621 ,  110.426
Kompleks Stasiun Jebres                                                                          ,Bangunan ,Kota Surakarta            ,-                                                                                                                                                                                                                                                                                                                                                                                                                                                                                                                                                                                                                                                                                                                                                                                                                                                                                                                                                                ,       0 ,      ,-756.236 ,  110.839
Masjid Sunan Geseng                                                                              ,Bangunan ,Kab. Purworejo            ,-                                                                                                                                                                                                                                                                                                                                                                                                                                                                                                                                                                                                                                                                                                                                                                                                                                                                                                                                                                ,       0 ,      ,-782.897 ,  110.024
Candi Ngempon/Candi Muncul                                                                       ,Struktur ,Kab. Semarang             ,-                                                                                                                                                                                                                                                                                                                                                                                                                                                                                                                                                                                                                                                                                                                                                                                                                                                                                                                                                                ,       0 ,      ,-719.433 ,  110.439
Masjid Layur/Masjid Menara                                                                       ,Bangunan ,Kota Semarang             ,-                                                                                                                                                                                                                                                                                                                                                                                                                                                                                                                                                                                                                                                                                                                                                                                                                                                                                                                                                                ,       0 ,      ,-696.638 ,  110.422
Masjid Kauman Jatirejo/Masjid Suruh                                                              ,Bangunan ,Kab. Semarang             ,-                                                                                                                                                                                                                                                                                                                                                                                                                                                                                                                                                                                                                                                                                                                                                                                                                                                                                                                                                                ,       0 ,      ,-737.892 ,  110.572
Benteng Van Der Wijck                                                                            ,Bangunan ,Kab. Kebumen              ,-                                                                                                                                                                                                                                                                                                                                                                                                                                                                                                                                                                                                                                                                                                                                                                                                                                                                                                                                                                ,       0 ,      ,-759.932 ,  109.518
Monumen Pers Nasional                                                                            ,Bangunan ,Kota Surakarta            ,-                                                                                                                                                                                                                                                                                                                                                                                                                                                                                                                                                                                                                                                                                                                                                                                                                                                                                                                                                                ,       0 ,      ,-756.498 ,  110.818
SMP Negeri 1 Purbalingga                                                                         ,Bangunan ,Kab. Purbalingga          ,-                                                                                                                                                                                                                                                                                                                                                                                                                                                                                                                                                                                                                                                                                                                                                                                                                                                                                                                                                                ,       0 ,      ,-73.902  ,  109.363
Candi Sari                                                                                       ,Struktur ,Kab. Boyolali             ,-                                                                                                                                                                                                                                                                                                                                                                                                                                                                                                                                                                                                                                                                                                                                                                                                                                                                                                                                                                ,       0 ,      ,-75.278  ,  110.512
Perahu Kuno Rembang                                                                              ,Benda    ,Kab. Rembang              ,-                                                                                                                                                                                                                                                                                                                                                                                                                                                                                                                                                                                                                                                                                                                                                                                                                                                                                                                                                                ,       0 ,      ,-669.619 ,  111.408
Candi Sojiwan                                                                                    ,Struktur ,Kab. Klaten               ,-                                                                                                                                                                                                                                                                                                                                                                                                                                                                                                                                                                                                                                                                                                                                                                                                                                                                                                                                                                ,       0 ,      ,-776.107 ,  110.496
Candi Umbul atau Candi Panas                                                                     ,Struktur ,Kab. Magelang             ,-                                                                                                                                                                                                                                                                                                                                                                                                                                                                                                                                                                                                                                                                                                                                                                                                                                                                                                                                                                ,       0 ,      ,-735.962 ,  110.297
Kompleks Fransiscan Xaverius                                                                     ,Bangunan ,Kota Semarang             ,-                                                                                                                                                                                                                                                                                                                                                                                                                                                                                                                                                                                                                                                                                                                                                                                                                                                                                                                                                                ,       0 ,      ,-697.671 ,  110.429
Situs Plaggatan                                                                                  ,Situs    ,Kab. Karanganyar          ,-                                                                                                                                                                                                                                                                                                                                                                                                                                                                                                                                                                                                                                                                                                                                                                                                                                                                                                                                                                ,       0 ,      ,-763.528 ,  111.133
Masjid Darusalam                                                                                 ,Bangunan ,Kab. Banyumas             ,-                                                                                                                                                                                                                                                                                                                                                                                                                                                                                                                                                                                                                                                                                                                                                                                                                                                                                                                                                                ,       0 ,      ,-735.341 ,  109.084
Masjid Kajoran                                                                                   ,Bangunan ,Kab. Klaten               ,-                                                                                                                                                                                                                                                                                                                                                                                                                                                                                                                                                                                                                                                                                                                                                                                                                                                                                                                                                                ,       0 ,      ,-775.245 ,  110.599
Pabrik Gula Tasik Madu                                                                           ,Bangunan ,Kab. Karanganyar          ,-                                                                                                                                                                                                                                                                                                                                                                                                                                                                                                                                                                                                                                                                                                                                                                                                                                                                                                                                                                ,       0 ,      ,-7.577   ,  110.93
Benteng Pendem                                                                                   ,Bangunan ,Kab. Cilacap              ,-                                                                                                                                                                                                                                                                                                                                                                                                                                                                                                                                                                                                                                                                                                                                                                                                                                                                                                                                                                ,       0 ,      ,-7.749   ,  109.018
Pendopo Notobratan Kadilangu                                                                     ,Bangunan ,Kab. Demak                ,-                                                                                                                                                                                                                                                                                                                                                                                                                                                                                                                                                                                                                                                                                                                                                                                                                                                                                                                                                                ,       0 ,      ,-6.9     ,  110.649
Benteng Vastenburg                                                                               ,Bangunan ,Kota Surakarta            ,-                                                                                                                                                                                                                                                                                                                                                                                                                                                                                                                                                                                                                                                                                                                                                                                                                                                                                                                                                                ,       0 ,      ,-757.202 ,  110.831
Candi Selogriyo                                                                                  ,Struktur ,Kab. Magelang             ,-                                                                                                                                                                                                                                                                                                                                                                                                                                                                                                                                                                                                                                                                                                                                                                                                                                                                                                                                                                ,       0 ,      ,-742.459 ,  110.168
Candi Panataran                                                                                  ,Struktur ,Kab. Blitar               ,-                                                                                                                                                                                                                                                                                                                                                                                                                                                                                                                                                                                                                                                                                                                                                                                                                                                                                                                                                                ,       0 ,      ,-801.641 ,  112.21
Candi Jabung                                                                                     ,Struktur ,Kab. Probolinggo          ,-                                                                                                                                                                                                                                                                                                                                                                                                                                                                                                                                                                                                                                                                                                                                                                                                                                                                                                                                                                ,       0 ,      ,-7.735   ,  113.472
Candi Jawi                                                                                       ,Struktur ,Kab. Pasuruan             ,-                                                                                                                                                                                                                                                                                                                                                                                                                                                                                                                                                                                                                                                                                                                                                                                                                                                                                                                                                                ,       0 ,      ,-766.255 ,  112.67
Candi Badut                                                                                      ,Struktur ,Kab. Malang               ,-                                                                                                                                                                                                                                                                                                                                                                                                                                                                                                                                                                                                                                                                                                                                                                                                                                                                                                                                                                ,       0 ,      ,-795.781 ,  112.599
Candi Singosari                                                                                  ,Struktur ,Kab. Malang               ,-                                                                                                                                                                                                                                                                                                                                                                                                                                                                                                                                                                                                                                                                                                                                                                                                                                                                                                                                                                ,       0 ,      ,-788.775 ,  112.664
Candi Kidal                                                                                      ,Struktur ,Kab. Malang               ,-                                                                                                                                                                                                                                                                                                                                                                                                                                                                                                                                                                                                                                                                                                                                                                                                                                                                                                                                                                ,       0 ,      ,-802.577 ,  112.709
Candi Jago                                                                                       ,Struktur ,Kab. Malang               ,-                                                                                                                                                                                                                                                                                                                                                                                                                                                                                                                                                                                                                                                                                                                                                                                                                                                                                                                                                                ,       0 ,      ,-800.583 ,  112.764
Kompleks Trowulan: Gapura Bajangratu                                                             ,Kawasan  ,Kab. Mojokerto            ,-                                                                                                                                                                                                                                                                                                                                                                                                                                                                                                                                                                                                                                                                                                                                                                                                                                                                                                                                                                ,       0 ,      ,-756.771 ,  112.399
Kompleks Trowulan: Candi Brahu                                                                   ,Struktur ,Kab. Mojokerto            ,-                                                                                                                                                                                                                                                                                                                                                                                                                                                                                                                                                                                                                                                                                                                                                                                                                                                                                                                                                                ,       0 ,      ,-754.299 ,  112.374
Kompleks Trowulan: Candi Tikus                                                                   ,Struktur ,Kab. Mojokerto            ,-                                                                                                                                                                                                                                                                                                                                                                                                                                                                                                                                                                                                                                                                                                                                                                                                                                                                                                                                                                ,       0 ,      ,-757.174 ,  112.404
Kompleks Trowulan: Candi Wringin Lawang                                                          ,Struktur ,Kab. Mojokerto            ,-                                                                                                                                                                                                                                                                                                                                                                                                                                                                                                                                                                                                                                                                                                                                                                                                                                                                                                                                                                ,       0 ,      ,-754.202 ,  112.391
Kompleks Trowulan: Kolam Segaran                                                                 ,Kawasan  ,Kab. Mojokerto            ,-                                                                                                                                                                                                                                                                                                                                                                                                                                                                                                                                                                                                                                                                                                                                                                                                                                                                                                                                                                ,       0 ,      ,-755.778 ,  112.383
Kompleks Trowulan: Candi Gentong I dan II                                                        ,Struktur ,Kab. Mojokerto            ,-                                                                                                                                                                                                                                                                                                                                                                                                                                                                                                                                                                                                                                                                                                                                                                                                                                                                                                                                                                ,       0 ,      ,-754.356 ,  112.378
Kompleks Trowulan:  Candi Minak Jinggo                                                           ,Struktur ,Kab. Mojokerto            ,-                                                                                                                                                                                                                                                                                                                                                                                                                                                                                                                                                                                                                                                                                                                                                                                                                                                                                                                                                                ,       0 ,      ,-755.835 ,  112.386
Kompleks Trowulan: Candi Kedaton                                                                 ,Struktur ,Kab. Mojokerto            ,-                                                                                                                                                                                                                                                                                                                                                                                                                                                                                                                                                                                                                                                                                                                                                                                                                                                                                                                                                                ,       0 ,      ,-757.049 ,  112.379
Kompleks Trowulan: Umpak Sentono Rejo                                                            ,Kawasan  ,Kab. Mojokerto            ,-                                                                                                                                                                                                                                                                                                                                                                                                                                                                                                                                                                                                                                                                                                                                                                                                                                                                                                                                                                ,       0 ,      ,-757.008 ,  112.379
Rumah/Markas Gerilya Angkatan Perang Republik Indonesia (APRI) Panglima Besar Jenderal Soedirman ,Bangunan ,Kab. Pacitan              ,-                                                                                                                                                                                                                                                                                                                                                                                                                                                                                                                                                                                                                                                                                                                                                                                                                                                                                                                                                                ,       0 ,      ,-793.608 ,  111.175
Gereja Jemaat Immanuel Kediri                                                                    ,Bangunan ,Kota Kediri               ,-                                                                                                                                                                                                                                                                                                                                                                                                                                                                                                                                                                                                                                                                                                                                                                                                                                                                                                                                                                ,       0 ,      ,-78.119  ,  112.004
Kantor Gubernur Provinsi Jawa Timur                                                              ,Bangunan ,Kota Surabaya             ,-                                                                                                                                                                                                                                                                                                                                                                                                                                                                                                                                                                                                                                                                                                                                                                                                                                                                                                                                                                ,       0 ,      ,-724.582 ,  112.739
Gedung Grahadi                                                                                   ,Bangunan ,Kota Surabaya             ,-                                                                                                                                                                                                                                                                                                                                                                                                                                                                                                                                                                                                                                                                                                                                                                                                                                                                                                                                                                ,       0 ,      ,-726.288 ,  112.743
Balaikota Surabaya                                                                               ,Bangunan ,Kota Surabaya             ,-                                                                                                                                                                                                                                                                                                                                                                                                                                                                                                                                                                                                                                                                                                                                                                                                                                                                                                                                                                ,       0 ,      ,-725.918 ,  112.747
Hotel Majapahit                                                                                  ,Bangunan ,Kota Surabaya             ,-                                                                                                                                                                                                                                                                                                                                                                                                                                                                                                                                                                                                                                                                                                                                                                                                                                                                                                                                                                ,       0 ,      ,-726.024 ,  112.74
Gedung PTPN                                                                                      ,Bangunan ,Kota Surabaya             ,-                                                                                                                                                                                                                                                                                                                                                                                                                                                                                                                                                                                                                                                                                                                                                                                                                                                                                                                                                                ,       0 ,      ,-723.804 ,  112.735
Gedung RRI Surabaya                                                                              ,Bangunan ,Kota Surabaya             ,-                                                                                                                                                                                                                                                                                                                                                                                                                                                                                                                                                                                                                                                                                                                                                                                                                                                                                                                                                                ,       0 ,      ,-726.553 ,  112.748
Kantor Pos Besar Surabaya                                                                        ,Bangunan ,Kota Surabaya             ,-                                                                                                                                                                                                                                                                                                                                                                                                                                                                                                                                                                                                                                                                                                                                                                                                                                                                                                                                                                ,       0 ,      ,-724.284 ,  112.737
Balai Pemuda                                                                                     ,Bangunan ,Kota Surabaya             ,-                                                                                                                                                                                                                                                                                                                                                                                                                                                                                                                                                                                                                                                                                                                                                                                                                                                                                                                                                                ,       0 ,      ,-726.386 ,  112.745
Gedung NIAS/ Fakultas Kedokteran Universitas Airlangga                                           ,Bangunan ,Kota Surabaya             ,-                                                                                                                                                                                                                                                                                                                                                                                                                                                                                                                                                                                                                                                                                                                                                                                                                                                                                                                                                                ,       0 ,      ,-72.652  ,  112.759
Rumah Sakit Darmo                                                                                ,Bangunan ,Kota Surabaya             ,-                                                                                                                                                                                                                                                                                                                                                                                                                                                                                                                                                                                                                                                                                                                                                                                                                                                                                                                                                                ,       0 ,      ,-728.747 ,  112.739
Stasiun Kereta Api Semut Surabaya                                                                ,Bangunan ,Kota Surabaya             ,-                                                                                                                                                                                                                                                                                                                                                                                                                                                                                                                                                                                                                                                                                                                                                                                                                                                                                                                                                                ,       0 ,      ,-724.288 ,  112.744
Petirtaan Songgoriti                                                                             ,Struktur ,Kota Batu                 ,-                                                                                                                                                                                                                                                                                                                                                                                                                                                                                                                                                                                                                                                                                                                                                                                                                                                                                                                                                                ,       0 ,      ,-786.717 ,  112.493
Stupa Sumberawan                                                                                 ,Benda    ,Kab. Malang               ,-                                                                                                                                                                                                                                                                                                                                                                                                                                                                                                                                                                                                                                                                                                                                                                                                                                                                                                                                                                ,       0 ,      ,-785.533 ,  112.645
Petirtaan Watugede                                                                               ,Struktur ,Kab. Malang               ,-                                                                                                                                                                                                                                                                                                                                                                                                                                                                                                                                                                                                                                                                                                                                                                                                                                                                                                                                                                ,       0 ,      ,-789.765 ,  112.669
Kompleks Makam Sunan Giri                                                                        ,Situs    ,Kab. Gresik               ,-                                                                                                                                                                                                                                                                                                                                                                                                                                                                                                                                                                                                                                                                                                                                                                                                                                                                                                                                                                ,       0 ,      ,-716.892 ,  112.631
Kompleks Makam Sunan Prapen                                                                      ,Situs    ,Kab. Gresik               ,-                                                                                                                                                                                                                                                                                                                                                                                                                                                                                                                                                                                                                                                                                                                                                                                                                                                                                                                                                                ,       0 ,      ,-716.769 ,  112.628
Kompleks Makam Leran                                                                             ,Situs    ,Kab. Gresik               ,-                                                                                                                                                                                                                                                                                                                                                                                                                                                                                                                                                                                                                                                                                                                                                                                                                                                                                                                                                                ,       0 ,      ,-711.992 ,  112.595
Makam Sunan Drajat                                                                               ,Situs    ,Kab. Lamongan             ,-                                                                                                                                                                                                                                                                                                                                                                                                                                                                                                                                                                                                                                                                                                                                                                                                                                                                                                                                                                ,       0 ,      ,-688.426 ,  112.389
Makam Sendang Duwur                                                                              ,Situs    ,Kab. Lamongan             ,-                                                                                                                                                                                                                                                                                                                                                                                                                                                                                                                                                                                                                                                                                                                                                                                                                                                                                                                                                                ,       0 ,      ,-689.547 ,  112.347
Kompleks Makam Sunan Bonang                                                                      ,Situs    ,Kab. Tuban                ,-                                                                                                                                                                                                                                                                                                                                                                                                                                                                                                                                                                                                                                                                                                                                                                                                                                                                                                                                                                ,       0 ,      ,-689.462 ,  112.063
Petirtaan Panataran                                                                              ,Struktur ,Kab. Blitar               ,-                                                                                                                                                                                                                                                                                                                                                                                                                                                                                                                                                                                                                                                                                                                                                                                                                                                                                                                                                                ,       0 ,      ,-801.702 ,  112.21
Petirtaan Jolotundo                                                                              ,Struktur ,Kab. Mojokerto            ,-                                                                                                                                                                                                                                                                                                                                                                                                                                                                                                                                                                                                                                                                                                                                                                                                                                                                                                                                                                ,       0 ,      ,-760.669 ,  112.59
Candi/Gapura Jedong                                                                              ,Struktur ,Kab. Mojokerto            ,-                                                                                                                                                                                                                                                                                                                                                                                                                                                                                                                                                                                                                                                                                                                                                                                                                                                                                                                                                                ,       0 ,      ,-7.58    ,  112.613
Balai Sahabat                                                                                    ,Bangunan ,Kota Surabaya             ,-                                                                                                                                                                                                                                                                                                                                                                                                                                                                                                                                                                                                                                                                                                                                                                                                                                                                                                                                                                ,       0 ,      ,-72.564  ,  112.739
Gereja Tua Sejiram                                                                               ,Bangunan ,Kab. Kapuas Hulu          ,-                                                                                                                                                                                                                                                                                                                                                                                                                                                                                                                                                                                                                                                                                                                                                                                                                                                                                                                                                                ,       0 ,      ,428.632  ,  111.996
Keraton Pakunegara Tayan                                                                         ,Bangunan ,Kab. Sanggau              ,-                                                                                                                                                                                                                                                                                                                                                                                                                                                                                                                                                                                                                                                                                                                                                                                                                                                                                                                                                                ,       0 ,      ,-37.851  ,  110.119
Keraton Surya Negara Sanggau                                                                     ,Bangunan ,Kab. Sanggau              ,-                                                                                                                                                                                                                                                                                                                                                                                                                                                                                                                                                                                                                                                                                                                                                                                                                                                                                                                                                                ,       0 ,      ,122.118  ,  110.605
Istana Al Mukkaramah Kesultanan Sintang                                                          ,Bangunan ,Kab. Sintang              ,-                                                                                                                                                                                                                                                                                                                                                                                                                                                                                                                                                                                                                                                                                                                                                                                                                                                                                                                                                                ,       0 ,      ,82.071   ,  111.49
Istana Qadriyah Kesultanan Pontianak                                                             ,Bangunan ,Kota Pontianak            ,-                                                                                                                                                                                                                                                                                                                                                                                                                                                                                                                                                                                                                                                                                                                                                                                                                                                                                                                                                                ,       0 ,      ,-28.753  ,  109.35
Keraton Kerajaan Landak                                                                          ,Bangunan ,Kab. Landak               ,-                                                                                                                                                                                                                                                                                                                                                                                                                                                                                                                                                                                                                                                                                                                                                                                                                                                                                                                                                                ,       0 ,      ,39.678   ,  109.956
Keraton Mempawah                                                                                 ,Bangunan ,Kab. Mempawah             ,-                                                                                                                                                                                                                                                                                                                                                                                                                                                                                                                                                                                                                                                                                                                                                                                                                                                                                                                                                                ,       0 ,      ,37.099   ,  108.961
Masjid Jami Kesultanan Pontianak                                                                 ,Bangunan ,Kota Pontianak            ,-                                                                                                                                                                                                                                                                                                                                                                                                                                                                                                                                                                                                                                                                                                                                                                                                                                                                                                                                                                ,       0 ,      ,-26.962  ,  109.348
Masjid Kesultanan Sambas                                                                         ,Bangunan ,Kab. Sambas               ,-                                                                                                                                                                                                                                                                                                                                                                                                                                                                                                                                                                                                                                                                                                                                                                                                                                                                                                                                                                ,       0 ,      ,136.122  ,  109.315
Rumah Adat Bubungan Tinggi Habirau                                                               ,Bangunan ,Kab. Hulu Sungai Selatan  ,-                                                                                                                                                                                                                                                                                                                                                                                                                                                                                                                                                                                                                                                                                                                                                                                                                                                                                                                                                                ,       0 ,      ,-263.397 ,  115.096
Kompleks Makam Sultan Suriansyah                                                                 ,Situs    ,Kota Banjarmasin          ,-                                                                                                                                                                                                                                                                                                                                                                                                                                                                                                                                                                                                                                                                                                                                                                                                                                                                                                                                                                ,       0 ,      ,-329.308 ,  114.573
Rumah Tradisional Bubungan Tinggi                                                                ,Bangunan ,Kab. Banjar               ,-                                                                                                                                                                                                                                                                                                                                                                                                                                                                                                                                                                                                                                                                                                                                                                                                                                                                                                                                                                ,       0 ,      ,-337.756 ,  114.833
Masjid Sultan Suriansyah                                                                         ,Bangunan ,Kota Banjarmasin          ,-                                                                                                                                                                                                                                                                                                                                                                                                                                                                                                                                                                                                                                                                                                                                                                                                                                                                                                                                                                ,       0 ,      ,-329.431 ,  114.576
Rumah Adat Banjar Gajah Baliku                                                                   ,Bangunan ,Kab. Banjar               ,-                                                                                                                                                                                                                                                                                                                                                                                                                                                                                                                                                                                                                                                                                                                                                                                                                                                                                                                                                                ,       0 ,      ,-33.775  ,  114.834
Masjid Al Mukarramah Banua Halat                                                                 ,Bangunan ,Kab. Tapin                ,-                                                                                                                                                                                                                                                                                                                                                                                                                                                                                                                                                                                                                                                                                                                                                                                                                                                                                                                                                                ,       0 ,      ,-291.323 ,  115.153
Masjid Suada                                                                                     ,Bangunan ,Kab. Hulu Sungai Selatan  ,-                                                                                                                                                                                                                                                                                                                                                                                                                                                                                                                                                                                                                                                                                                                                                                                                                                                                                                                                                                ,       0 ,      ,-280.989 ,  115.218
Masjid Kyai Gede                                                                                 ,Bangunan ,Kab. Kotawaringin Barat   ,-                                                                                                                                                                                                                                                                                                                                                                                                                                                                                                                                                                                                                                                                                                                                                                                                                                                                                                                                                                ,       0 ,      ,-248.575 ,  111.444
Astana Al-Nursari                                                                                ,Bangunan ,Kab. Kotawaringin Barat   ,-                                                                                                                                                                                                                                                                                                                                                                                                                                                                                                                                                                                                                                                                                                                                                                                                                                                                                                                                                                ,       0 ,      ,-248.577 ,  111.443
Rumah Pangeran Adipati Mangkubumi                                                                ,Bangunan ,Kab. Kotawaringin Barat   ,-                                                                                                                                                                                                                                                                                                                                                                                                                                                                                                                                                                                                                                                                                                                                                                                                                                                                                                                                                                ,       0 ,      ,-267.799 ,  111.636
Keraton Sambaliung                                                                               ,Bangunan ,Kab. Berau                ,-                                                                                                                                                                                                                                                                                                                                                                                                                                                                                                                                                                                                                                                                                                                                                                                                                                                                                                                                                                ,       0 ,      ,216.444  ,  117.499
Istana Kutai Tenggarong                                                                          ,Bangunan ,Kab. Kutai Kartanegara    ,-                                                                                                                                                                                                                                                                                                                                                                                                                                                                                                                                                                                                                                                                                                                                                                                                                                                                                                                                                                ,       0 ,      ,-41.325  ,  116.991
Istana Gunung Tabur                                                                              ,Bangunan ,Kab. Berau                ,-                                                                                                                                                                                                                                                                                                                                                                                                                                                                                                                                                                                                                                                                                                                                                                                                                                                                                                                                                                ,       0 ,      ,215.976  ,  117.492
Istana Pasir Balengkong dan Masjid Balengkong                                                    ,Bangunan ,Kab. Paser                ,-                                                                                                                                                                                                                                                                                                                                                                                                                                                                                                                                                                                                                                                                                                                                                                                                                                                                                                                                                                ,       0 ,      ,-194.788 ,  116.211
Masjid Kasimuddin                                                                                ,Bangunan ,Kab. Bulungan             ,-                                                                                                                                                                                                                                                                                                                                                                                                                                                                                                                                                                                                                                                                                                                                                                                                                                                                                                                                                                ,       0 ,      ,283.007  ,  117.358
Situs Kutai Purba                                                                                ,Situs    ,Kab. Kutai Timur          ,-                                                                                                                                                                                                                                                                                                                                                                                                                                                                                                                                                                                                                                                                                                                                                                                                                                                                                                                                                                ,       0 ,      ,123.106  ,  117.743
Masjid Jamik                                                                                     ,Bangunan ,Kota Pangkal Pinang       ,-                                                                                                                                                                                                                                                                                                                                                                                                                                                                                                                                                                                                                                                                                                                                                                                                                                                                                                                                                                ,       0 ,      ,-212.958 ,  106.112
Gereja Kathedral Santo Yoseph                                                                    ,Bangunan ,Kota Pangkal Pinang       ,-                                                                                                                                                                                                                                                                                                                                                                                                                                                                                                                                                                                                                                                                                                                                                                                                                                                                                                                                                                ,       0 ,      ,-212.718 ,  106.117
Eks. Kantor Pusat PN. Timah                                                                      ,Bangunan ,Kab. Bangka Barat         ,-                                                                                                                                                                                                                                                                                                                                                                                                                                                                                                                                                                                                                                                                                                                                                                                                                                                                                                                                                                ,       0 ,      ,-206.228 ,  105.166
Wisma Ranggam                                                                                    ,Bangunan ,Kab. Bangka Barat         ,-                                                                                                                                                                                                                                                                                                                                                                                                                                                                                                                                                                                                                                                                                                                                                                                                                                                                                                                                                                ,       0 ,      ,-205.895 ,  105.163
Pesanggrahan Menumbing                                                                           ,Bangunan ,Kab. Bangka Barat         ,-                                                                                                                                                                                                                                                                                                                                                                                                                                                                                                                                                                                                                                                                                                                                                                                                                                                                                                                                                                ,       0 ,      ,-201.692 ,  105.18
Klenteng Kong Fuk Nio                                                                            ,Bangunan ,Kab. Bangka Barat         ,-                                                                                                                                                                                                                                                                                                                                                                                                                                                                                                                                                                                                                                                                                                                                                                                                                                                                                                                                                                ,       0 ,      ,-206.684 ,  105.161
Rumah Mayor China                                                                                ,Bangunan ,Kab. Bangka Barat         ,-                                                                                                                                                                                                                                                                                                                                                                                                                                                                                                                                                                                                                                                                                                                                                                                                                                                                                                                                                                ,       0 ,      ,-207.012 ,  105.162
Masjid Jami                                                                                      ,Bangunan ,Kab. Bangka Barat         ,-                                                                                                                                                                                                                                                                                                                                                                                                                                                                                                                                                                                                                                                                                                                                                                                                                                                                                                                                                                ,       0 ,      ,-206.657 ,  105.162
Situs Taman Purbakala Pugungraharjo                                                              ,Situs    ,Kab. Lampung Timur        ,-                                                                                                                                                                                                                                                                                                                                                                                                                                                                                                                                                                                                                                                                                                                                                                                                                                                                                                                                                                ,       0 ,      ,-530.067 ,  105.571
Situs Megalitik Kebon Tebu/Batu Berak                                                            ,Situs    ,Kab. Lampung Barat        ,-                                                                                                                                                                                                                                                                                                                                                                                                                                                                                                                                                                                                                                                                                                                                                                                                                                                                                                                                                                ,       0 ,      ,-505.168 ,  104.53
Situs Megalitik Batu Jagur                                                                       ,Situs    ,Kab. Lampung Barat        ,-                                                                                                                                                                                                                                                                                                                                                                                                                                                                                                                                                                                                                                                                                                                                                                                                                                                                                                                                                                ,       0 ,      ,-506.194 ,  104.536
Situs Megalitik Batu Bedil                                                                       ,Situs    ,Kab. Tanggamus            ,-                                                                                                                                                                                                                                                                                                                                                                                                                                                                                                                                                                                                                                                                                                                                                                                                                                                                                                                                                                ,       0 ,      ,-531.094 ,  104.702
Situs Prasasti Batu Bedil                                                                        ,Situs    ,Kab. Tanggamus            ,-                                                                                                                                                                                                                                                                                                                                                                                                                                                                                                                                                                                                                                                                                                                                                                                                                                                                                                                                                                ,       0 ,      ,-53.106  ,  104.701
Situs Megalitik Batu Gajah                                                                       ,Situs    ,Kab. Tanggamus            ,-                                                                                                                                                                                                                                                                                                                                                                                                                                                                                                                                                                                                                                                                                                                                                                                                                                                                                                                                                                ,       0 ,      ,-53.021  ,  104.683
Situs Prasasti Palas Pasemah                                                                     ,Situs    ,Kab. Lampung Selatan      ,-                                                                                                                                                                                                                                                                                                                                                                                                                                                                                                                                                                                                                                                                                                                                                                                                                                                                                                                                                                ,       0 ,      ,-568.333 ,  105.667
Benteng Niew Victoria                                                                            ,Bangunan ,Kota Ambon                ,-                                                                                                                                                                                                                                                                                                                                                                                                                                                                                                                                                                                                                                                                                                                                                                                                                                                                                                                                                                ,       0 ,      ,-369.165 ,  128.182
Benteng Belgica                                                                                  ,Bangunan ,Kab. Maluku Tengah        ,-                                                                                                                                                                                                                                                                                                                                                                                                                                                                                                                                                                                                                                                                                                                                                                                                                                                                                                                                                                ,       0 ,      ,-452.609 ,  129.899
Benteng Beverwijk                                                                                ,Bangunan ,Kab. Maluku Tengah        ,-                                                                                                                                                                                                                                                                                                                                                                                                                                                                                                                                                                                                                                                                                                                                                                                                                                                                                                                                                                ,       0 ,      ,-364.545 ,  128.765
Rumah Pengasingan Bung Hatta                                                                     ,Bangunan ,Kab. Maluku Tengah        ,-                                                                                                                                                                                                                                                                                                                                                                                                                                                                                                                                                                                                                                                                                                                                                                                                                                                                                                                                                                ,       0 ,      ,-45.274  ,  129.9
Rumah Pengasingan Dr. Cipto Mangunkusumo                                                         ,Bangunan ,Kab. Maluku Tengah        ,-                                                                                                                                                                                                                                                                                                                                                                                                                                                                                                                                                                                                                                                                                                                                                                                                                                                                                                                                                                ,       0 ,      ,-452.852 ,  129.903
Istana Mini                                                                                      ,Bangunan ,Kab. Maluku Tengah        ,-                                                                                                                                                                                                                                                                                                                                                                                                                                                                                                                                                                                                                                                                                                                                                                                                                                                                                                                                                                ,       0 ,      ,-452.885 ,  129.901
Benteng Nieuw Zeelandia/ Benteng Haruku                                                          ,Bangunan ,Kab. Maluku Tengah        ,-                                                                                                                                                                                                                                                                                                                                                                                                                                                                                                                                                                                                                                                                                                                                                                                                                                                                                                                                                                ,       0 ,      ,-360.612 ,  128.417
Benteng Hoorn/Pelauw                                                                             ,Bangunan ,Kab. Maluku Tengah        ,-                                                                                                                                                                                                                                                                                                                                                                                                                                                                                                                                                                                                                                                                                                                                                                                                                                                                                                                                                                ,       0 ,      ,-351.724 ,  128.473
Situs Gunung Sirimau                                                                             ,Situs    ,Kota Ambon                ,-                                                                                                                                                                                                                                                                                                                                                                                                                                                                                                                                                                                                                                                                                                                                                                                                                                                                                                                                                                ,       0 ,      ,-371.222 ,  128.221
Kubu Pertahanan Air Salobar                                                                      ,Struktur ,Kota Ambon                ,-                                                                                                                                                                                                                                                                                                                                                                                                                                                                                                                                                                                                                                                                                                                                                                                                                                                                                                                                                                ,       0 ,      ,-371.061 ,  128.154
Kubu Pertahanan Latuhalat                                                                        ,Struktur ,Kota Ambon                ,-                                                                                                                                                                                                                                                                                                                                                                                                                                                                                                                                                                                                                                                                                                                                                                                                                                                                                                                                                                ,       0 ,      ,-378.546 ,  128.096
Tugu Doland                                                                                      ,Struktur ,Kota Ambon                ,-                                                                                                                                                                                                                                                                                                                                                                                                                                                                                                                                                                                                                                                                                                                                                                                                                                                                                                                                                                ,       0 ,      ,-370.679 ,  128.174
Masjid Tua Djami                                                                                 ,Bangunan ,Kota Ambon                ,-                                                                                                                                                                                                                                                                                                                                                                                                                                                                                                                                                                                                                                                                                                                                                                                                                                                                                                                                                                ,       0 ,      ,-369.755 ,  128.178
Gereja Maranatha                                                                                 ,Bangunan ,Kota Ambon                ,-                                                                                                                                                                                                                                                                                                                                                                                                                                                                                                                                                                                                                                                                                                                                                                                                                                                                                                                                                                ,       0 ,      ,-369.385 ,  128.184
Blook Huis Medelburg                                                                             ,Bangunan ,Kota Ambon                ,-                                                                                                                                                                                                                                                                                                                                                                                                                                                                                                                                                                                                                                                                                                                                                                                                                                                                                                                                                                ,       0 ,      ,-363.097 ,  128.254
Gereja Tua Menara Imam                                                                           ,Bangunan ,Kota Ambon                ,-                                                                                                                                                                                                                                                                                                                                                                                                                                                                                                                                                                                                                                                                                                                                                                                                                                                                                                                                                                ,       0 ,      ,-363.021 ,  128.254
Makam Josep Cham                                                                                 ,Situs    ,Kota Ambon                ,-                                                                                                                                                                                                                                                                                                                                                                                                                                                                                                                                                                                                                                                                                                                                                                                                                                                                                                                                                                ,       0 ,      ,-369.477 ,  128.189
Gereja Tua                                                                                       ,Bangunan ,Kab. Maluku Tengah        ,-                                                                                                                                                                                                                                                                                                                                                                                                                                                                                                                                                                                                                                                                                                                                                                                                                                                                                                                                                                ,       0 ,      ,-314.626 ,  128.742
Masjid Tua                                                                                       ,Bangunan ,Kab. Seram Bagian Timur   ,-                                                                                                                                                                                                                                                                                                                                                                                                                                                                                                                                                                                                                                                                                                                                                                                                                                                                                                                                                                ,       0 ,      ,-378.145 ,  130.752